region,crop_type,year,price_birr_per_quintal
amhara,sorghum,2022,4205.5
amhara,teff,2024,4205.5
amhara,sorghum,2024,34.0
amhara,barley,2021,41.0
amhara,barley,2022,3997.0
amhara,barley,2023,4644.0
amhara,barley,2024,4863.0
amhara,maize,2021,2403.0
amhara,maize,2022,2824.0
amhara,maize,2023,4205.5
amhara,maize,2024,3131.0
amhara,sorghum,2021,2706.0
amhara,sorghum,2023,3376.0
amhara,teff,2021,6650.0
amhara,teff,2022,7129.0
amhara,teff,2023,7289.0
amhara,wheat,2021,4409.0
amhara,wheat,2022,49.0
amhara,wheat,2023,4590.0
amhara,wheat,2024,5609.0
oromia,barley,2022,4179.0
oromia,barley,2023,4943.0
oromia,maize,2021,2714.0
oromia,sorghum,2022,3302.0
oromia,barley,2021,3755.0
oromia,maize,2022,2725.0
oromia,barley,2024,4590.0
oromia,maize,2023,3074.0
oromia,maize,2024,3186.0
oromia,sorghum,2021,2709.0
oromia,sorghum,2023,3262.0
oromia,sorghum,2024,3503.0
oromia,teff,2021,6396.0
oromia,teff,2022,7669.0
oromia,teff,2023,8071.0
oromia,teff,2024,8707.0
oromia,wheat,2021,3644.0
oromia,wheat,2022,4538.0
oromia,wheat,2023,4848.0
oromia,wheat,2024,5387.0
snnpr,sorghum,2021,2747.0
snnpr,sorghum,2023,3493.0
snnpr,teff,2022,7653.0
snnpr,wheat,2024,5898.0
snnpr,barley,2023,4735.0
snnpr,barley,2021,4284.0
snnpr,barley,2022,4181.0
snnpr,barley,2024,4205.5
snnpr,maize,2021,2823.0
snnpr,maize,2022,2767.0
snnpr,maize,2023,3073.0
snnpr,maize,2024,3007.0
snnpr,sorghum,2022,2922.0
snnpr,sorghum,2024,3577.0
snnpr,teff,2021,7325.0
snnpr,teff,2023,8598.0
snnpr,teff,2024,8294.0
snnpr,wheat,2021,4588.0
snnpr,wheat,2022,4873.0
snnpr,wheat,2023,5321.0
somali,barley,2024,5206.0
somali,sorghum,2021,2559.0
somali,wheat,2023,4846.0
somali,maize,2022,2712.0
somali,sorghum,2024,3399.0
somali,barley,2021,3748.0
somali,barley,2022,4230.0
somali,barley,2023,4965.0
somali,maize,2021,2495.0
somali,maize,2023,2979.0
somali,maize,2024,3497.0
somali,sorghum,2022,2972.0
somali,sorghum,2023,3642.0
somali,teff,2021,7175.0
somali,teff,2022,7269.0
somali,teff,2023,8506.0
somali,teff,2024,8811.0
somali,wheat,2021,44.0
somali,wheat,2022,4579.0
somali,wheat,2024,5241.0
tigray,maize,2024,3345.0
tigray,maize,2021,2576.0
tigray,wheat,2022,4686.0
tigray,barley,2021,3847.0
tigray,barley,2022,4359.0
tigray,barley,2023,4561.0
tigray,barley,2024,5199.0
tigray,maize,2022,3223.0
tigray,maize,2023,3078.0
tigray,sorghum,2021,2723.0
tigray,sorghum,2022,3106.0
tigray,sorghum,2023,3605.0
tigray,sorghum,2024,3583.0
tigray,teff,2021,6879.0
tigray,teff,2022,7271.0
tigray,teff,2023,7701.0
tigray,teff,2024,8474.0
tigray,wheat,2021,4484.0
tigray,wheat,2023,4310.0
tigray,wheat,2024,5652.0
