feature,importance_mean,importance_std
crop_type,0.8887461702318007,0.01346924048717527
altitude_m,0.6880790474368307,0.009702287495510218
season_temp_mean,0.5290485762245959,0.008081252097422928
pest_disease_flag,0.22503985757735162,0.005197076468402334
soil_quality_index,0.16762344002530516,0.005564877814782123
improved_seed_used,0.12570364537206352,0.004213194452809613
fertilizer_kg_per_ha,0.11392030974989428,0.004669906218914807
rainfall_mm_season,0.02840690585711574,0.0025235056830979364
season_temp_max,0.017313041682399784,0.0023415736122990444
heat_days_per_month,0.016041105430682923,0.0013600993700861362
season_temp_min,0.00906917763196909,0.0012612106790705628
labor_days_per_ha,0.007774911503969917,0.0012326850379581638
season_heat_days,0.004088675186814916,0.000389957404084914
heat_temp_interaction,0.0023999359662389753,0.0007155641344470409
region,0.0014126414919680863,0.00028116070039522215
fertilizer_per_ha,0.0011098319499747323,0.0005885810914333354
rainfall_difference,0.0007815879066140619,0.00037615420831808513
season_rain_mean,0.0006439312061301383,0.0003627618814989282
market_distance_per_ha,0.00053024394013374,0.0001849137108212971
distance_to_market_km,0.0003245041269497484,0.00019669581936529733
season_rain_total,0.00020624287239750516,0.000244755471349307
weather_months_available,0.0001282648439476508,7.482849212514692e-05
planting_month_num,5.647552712546022e-05,6.663667555373106e-05
planting_month_sin,2.4031206400931814e-07,8.928240168245075e-06
season_rain_total.1,0.0,0.0
planting_month,0.0,0.0
season_heat_days.1,0.0,0.0
season_temp_mean.1,0.0,0.0
season_temp_min.1,0.0,0.0
season_temp_max.1,0.0,0.0
season_rain_mean.1,0.0,0.0
weather_months_available.1,0.0,0.0
planting_month_cos,-5.7147169191495985e-05,8.537857698586253e-05
rain_temp_interaction,-7.189694812017588e-05,0.00023070427211340926
rainfall_ratio,-0.00015897445965681322,0.0003239915742825511
survey_year,-0.0001729982006723252,0.00010101597101832413
labor_per_ha,-0.0006411967165486976,0.0003919077752476
farm_size_ha,-0.000681866206102133,0.00045481647684683814
