plot_id,predicted_yield_tons_per_ha
PLOT-017296,3.498886048
PLOT-017259,2.629764233
PLOT-016178,2.864679438
PLOT-018610,3.208896722
PLOT-015109,2.581029458
PLOT-016351,3.15803667
PLOT-017917,1.683859775
PLOT-016422,2.457519596
PLOT-018085,3.12796168
PLOT-015051,3.51454835
PLOT-018124,1.316418465
PLOT-016442,2.719032628
PLOT-016032,2.55162198
PLOT-016414,3.513198284
PLOT-018385,3.182862637
PLOT-015539,6.717067465
PLOT-018115,4.344875544
PLOT-017927,3.133522065
PLOT-015687,3.197435504
PLOT-015584,0.957017484
PLOT-015219,2.153992773
PLOT-016803,2.614957117
PLOT-015474,1.87499923
PLOT-017984,2.779386549
PLOT-017147,2.441652208
PLOT-017440,1.817168285
PLOT-018208,2.000610158
PLOT-016703,1.73969837
PLOT-015643,1.76579059
PLOT-016058,2.43962812
PLOT-015075,0.995190017
PLOT-016661,0.961680344
PLOT-018508,6.08597754
PLOT-017437,2.381315931
PLOT-017258,3.257499655
PLOT-017063,3.026614736
PLOT-017838,3.344960965
PLOT-017079,0.685391996
PLOT-015569,3.837280472
PLOT-016146,3.331570998
PLOT-016884,5.141237141
PLOT-016578,0.729627813
PLOT-017559,2.082546003
PLOT-017720,3.126037892
PLOT-015369,2.334638404
PLOT-017876,3.48755723
PLOT-017847,3.482541458
PLOT-017730,0.806984389
PLOT-015531,1.863013733
PLOT-015062,3.455789973
PLOT-015438,3.174004324
PLOT-018698,2.864844936
PLOT-016680,2.155363514
PLOT-017845,3.794363907
PLOT-015412,0.810302065
PLOT-018488,3.727038946
PLOT-015774,2.597995527
PLOT-017199,5.58737796
PLOT-018697,4.793443604
PLOT-016729,1.921979905
PLOT-017556,1.026829353
PLOT-018475,2.502238777
PLOT-016568,0.966658896
PLOT-017444,2.147842729
PLOT-015186,5.239108199
PLOT-015262,3.845470642
PLOT-017650,1.592234608
PLOT-016963,5.763367889
PLOT-017561,1.462228622
PLOT-015259,5.657471236
PLOT-016841,2.854983344
PLOT-015400,5.455047028
PLOT-017374,3.59796714
PLOT-015098,4.70247504
PLOT-015360,2.205228032
PLOT-015196,3.022457785
PLOT-018417,2.541363124
PLOT-015807,3.262242843
PLOT-015684,2.736931544
PLOT-017498,2.412603846
PLOT-017369,3.106447784
PLOT-017803,1.146728385
PLOT-015637,2.645228696
PLOT-017933,2.302149077
PLOT-016271,1.44753306
PLOT-016297,2.583619043
PLOT-016902,2.804240855
PLOT-016443,1.179352155
PLOT-016082,2.126440918
PLOT-017071,3.647143407
PLOT-017173,2.613341471
PLOT-016550,3.27375764
PLOT-018477,3.010084681
PLOT-016395,3.697123441
PLOT-015694,2.150112502
PLOT-017865,0.859156153
PLOT-016675,3.180921916
PLOT-015961,2.052214938
PLOT-016334,2.582052839
PLOT-015767,3.039506291
PLOT-018394,1.997538973
PLOT-016209,1.678368762
PLOT-018458,2.853445515
PLOT-016268,2.941672962
PLOT-017460,2.836777012
PLOT-017620,2.109393285
PLOT-017019,1.157442045
PLOT-016195,5.40591634
PLOT-018158,2.384047069
PLOT-016354,1.788906703
PLOT-017348,5.575621101
PLOT-017165,2.945906039
PLOT-015433,0.961313276
PLOT-018119,1.366878945
PLOT-016625,1.928569271
PLOT-017493,4.481411354
PLOT-018521,0.876432667
PLOT-018018,5.667709681
PLOT-015445,0.82711785
PLOT-017119,4.430509972
PLOT-016753,4.5600458
PLOT-015479,2.315336204
PLOT-018129,3.694216475
PLOT-018629,4.106878283
PLOT-015892,2.518812548
PLOT-015511,2.302251277
PLOT-018165,1.943629263
PLOT-017848,1.222434807
PLOT-015571,1.950533627
PLOT-017061,3.570102755
PLOT-015030,3.71327375
PLOT-015359,1.918322696
PLOT-016740,2.747030956
PLOT-016389,2.217478613
PLOT-018489,2.206512181
PLOT-017813,3.192186683
PLOT-016371,3.769642914
PLOT-017553,2.982265792
PLOT-016251,1.432743203
PLOT-015848,1.456847174
PLOT-018369,4.323510413
PLOT-016905,1.498482722
PLOT-015985,3.365764844
PLOT-018339,3.395932123
PLOT-016667,3.374174406
PLOT-017321,3.996602482
PLOT-015440,3.883532442
PLOT-015095,1.650369696
PLOT-015414,4.661215372
PLOT-017447,1.210784362
PLOT-015087,3.359527471
PLOT-015616,2.325741395
PLOT-018527,1.582809796
PLOT-015638,3.938990008
PLOT-018196,1.198447426
PLOT-017701,4.11818352
PLOT-015651,0.903557503
PLOT-016284,3.255282733
PLOT-017277,4.466387289
PLOT-018362,2.286513309
PLOT-017940,3.265163392
PLOT-018036,2.790452096
PLOT-017892,1.23109191
PLOT-015358,1.144247645
PLOT-018341,4.779060706
PLOT-015115,3.903189507
PLOT-016758,1.149468645
PLOT-017074,1.171400789
PLOT-018714,3.133047153
PLOT-015883,4.189767634
PLOT-017053,4.27641159
PLOT-015124,1.687402857
PLOT-017727,2.747822412
PLOT-015858,2.801673553
PLOT-017534,3.223473592
PLOT-016114,2.489020458
PLOT-018558,1.14513834
PLOT-015070,2.02302148
PLOT-017776,2.196540848
PLOT-015415,0.840293577
PLOT-016054,2.048282189
PLOT-015737,2.398460796
PLOT-016136,2.061219962
PLOT-017466,2.621331347
PLOT-016263,1.872729515
PLOT-016684,3.37380689
PLOT-016002,3.891378025
PLOT-015732,2.264885443
PLOT-017092,2.134713342
PLOT-015561,2.424898297
PLOT-016611,2.435797986
PLOT-018737,2.582572448
PLOT-016298,2.98172041
PLOT-016218,1.641530631
PLOT-017167,6.0819478
PLOT-018161,4.16902624
PLOT-018476,3.117083607
PLOT-017875,2.848523897
PLOT-015868,2.467226611
PLOT-017646,0.736749244
PLOT-017200,1.813061619
PLOT-015194,5.234850621
PLOT-017095,1.299609019
PLOT-016283,2.946645726
PLOT-016303,2.316622922
PLOT-018517,3.302198559
PLOT-015964,3.354864251
PLOT-017386,2.723148916
PLOT-016363,2.347572685
PLOT-015181,2.110664164
PLOT-018094,3.438580297
PLOT-017138,2.734183644
PLOT-015200,1.699475759
PLOT-017829,4.436649524
PLOT-016961,1.211043751
PLOT-017908,4.052092651
PLOT-016787,0.141767754
PLOT-018491,3.269128079
PLOT-016010,4.771083763
PLOT-016937,4.300770054
PLOT-016140,2.084850581
PLOT-018552,2.894116756
PLOT-015267,4.337797186
PLOT-015375,3.640648706
PLOT-017888,5.175804744
PLOT-015735,2.020020884
PLOT-015699,0.974214611
PLOT-016226,1.508359892
PLOT-017731,3.186851174
PLOT-015370,1.493678007
PLOT-015512,3.729382523
PLOT-015729,1.114624359
PLOT-018046,1.409060061
PLOT-016197,1.324026342
PLOT-016799,2.360579959
PLOT-016782,2.31228759
PLOT-018480,2.674665075
PLOT-015325,1.948326429
PLOT-018661,4.579681464
PLOT-018704,3.638437744
PLOT-016825,4.374799992
PLOT-016125,3.789989559
PLOT-016365,0.461550688
PLOT-016892,3.733764725
PLOT-018449,2.552292521
PLOT-017066,1.476482544
PLOT-015768,2.302448507
PLOT-015416,3.516468226
PLOT-017780,0.651338948
PLOT-018493,1.917083501
PLOT-018003,2.264345773
PLOT-017549,3.105679959
PLOT-018739,4.431711672
PLOT-017926,2.007953711
PLOT-017827,2.494831544
PLOT-018066,1.233724858
PLOT-017546,4.538947153
PLOT-016759,3.109040008
PLOT-016413,3.988448264
PLOT-016748,5.575649724
PLOT-015377,1.299007564
PLOT-016015,2.2736833
PLOT-015546,3.033786862
PLOT-015691,2.834719752
PLOT-015949,3.217529548
PLOT-018025,2.647575276
PLOT-017024,3.208233655
PLOT-016559,2.931017526
PLOT-017764,1.1761046
PLOT-015890,1.505915547
PLOT-015060,2.729269998
PLOT-016724,3.023608076
PLOT-015632,4.290048763
PLOT-018226,1.880670754
PLOT-016599,0.862863947
PLOT-017810,5.976673337
PLOT-016695,0.590607135
PLOT-016436,1.402427332
PLOT-018083,3.172324757
PLOT-016852,3.693956798
PLOT-018076,2.845510036
PLOT-017576,0.870798855
PLOT-017359,2.309771844
PLOT-017696,2.83954691
PLOT-016238,5.287795535
PLOT-018309,2.418127942
PLOT-018047,1.370736533
PLOT-015746,1.25568109
PLOT-015328,1.663078471
PLOT-018648,2.818667148
PLOT-018664,2.162542079
PLOT-016989,3.261927525
PLOT-015034,4.346125954
PLOT-018344,1.424441647
PLOT-016784,5.071736503
PLOT-016686,2.826741237
PLOT-016244,5.442526429
PLOT-015449,2.060416295
PLOT-017923,2.514726346
PLOT-017916,1.012363626
PLOT-016005,1.339702806
PLOT-017699,3.52638212
PLOT-015718,4.95124852
PLOT-016621,0.553250561
PLOT-017443,2.088020528
PLOT-016364,0.952902596
PLOT-015125,1.215385003
PLOT-017639,1.507648023
PLOT-017302,3.288101694
PLOT-017345,7.932958509
PLOT-018486,3.841543642
PLOT-016780,1.791211264
PLOT-017402,0.897633145
PLOT-016050,3.830664269
PLOT-015701,3.404009059
PLOT-015340,4.563935731
PLOT-018720,1.92777643
PLOT-015187,1.819395344
PLOT-015983,4.024536932
PLOT-018244,1.540672908
PLOT-018696,2.471022357
PLOT-015121,2.70655846
PLOT-015603,1.994001005
PLOT-015667,1.676745742
PLOT-017607,0.793598797
PLOT-015244,2.547682646
PLOT-015532,3.875050107
PLOT-017027,1.590849132
PLOT-017983,4.030732405
PLOT-016179,1.186945623
PLOT-017854,3.91100757
PLOT-017752,3.476889297
PLOT-018628,3.587321171
PLOT-016701,6.535266767
PLOT-015801,2.986311222
PLOT-015840,4.816961285
PLOT-016235,1.902454402
PLOT-017163,1.691733538
PLOT-016926,4.182152011
PLOT-017873,2.005566815
PLOT-015444,2.177507631
PLOT-018090,2.720212162
PLOT-017284,3.145606786
PLOT-016313,3.784233174
PLOT-015921,2.613818544
PLOT-015795,2.274048029
PLOT-015897,2.486114444
PLOT-015009,1.210188217
PLOT-017904,2.146646508
PLOT-016267,3.842644022
PLOT-017772,1.899602038
PLOT-016747,3.034307926
PLOT-016416,2.974853832
PLOT-018353,1.447086454
PLOT-017112,2.790213288
PLOT-017036,2.180081728
PLOT-018650,2.865625277
PLOT-015213,1.051382104
PLOT-016104,3.549449943
PLOT-016726,2.581661148
PLOT-018386,1.613957611
PLOT-018174,1.207855339
PLOT-018548,2.94560276
PLOT-017159,1.564541926
PLOT-016397,4.62665439
PLOT-015836,1.11900786
PLOT-015206,5.327568358
PLOT-015658,2.898525335
PLOT-018497,0.632223528
PLOT-015739,0.746770653
PLOT-015500,3.662683734
PLOT-017160,5.330639239
PLOT-017050,2.897449499
PLOT-017103,4.058096992
PLOT-017108,1.081484205
PLOT-018553,3.071433637
PLOT-015666,2.382934213
PLOT-017371,2.151314343
PLOT-015564,3.050433655
PLOT-016262,2.592792215
PLOT-016644,2.854139265
PLOT-016206,5.412298878
PLOT-016021,2.821701986
PLOT-015134,4.186946248
PLOT-017156,2.392397776
PLOT-015305,1.408823005
PLOT-015915,4.268420199
PLOT-016591,4.074630103
PLOT-017312,3.296047226
PLOT-017319,2.314331558
PLOT-015619,2.971217945
PLOT-017333,5.69347173
PLOT-015903,1.273627576
PLOT-016384,2.929122795
PLOT-016921,0.802997428
PLOT-017739,2.640650291
PLOT-015296,1.21294406
PLOT-015935,3.110052431
PLOT-017986,3.258441129
PLOT-015318,6.698389074
PLOT-015420,1.912809689
PLOT-017129,3.672579508
PLOT-017790,2.974349968
PLOT-017656,1.382050201
PLOT-016632,1.711828111
PLOT-016051,2.751461096
PLOT-018225,1.466582803
PLOT-017949,3.946031396
PLOT-016906,2.052522347
PLOT-015562,1.381197272
PLOT-017367,2.635690801
PLOT-018710,2.000008818
PLOT-018731,2.097426435
PLOT-016252,1.228742326
PLOT-017403,2.363179239
PLOT-017863,5.0076126
PLOT-018598,3.610188935
PLOT-017568,1.901653704
PLOT-017221,3.821721409
PLOT-016816,4.337262112
PLOT-016587,2.294841177
PLOT-017318,0.741539389
PLOT-016844,1.823332766
PLOT-015742,4.186339311
PLOT-018591,4.916541588
PLOT-015889,1.850317351
PLOT-017253,4.219695746
PLOT-015748,3.176947228
PLOT-018015,2.398654921
PLOT-017060,3.130009348
PLOT-018286,5.040321742
PLOT-015514,3.850976113
PLOT-018038,2.123161906
PLOT-016090,1.400209684
PLOT-015662,3.203889831
PLOT-016688,5.456337217
PLOT-015361,0.918854904
PLOT-017796,2.666146414
PLOT-018605,1.422129143
PLOT-018501,2.544610065
PLOT-015652,2.453282754
PLOT-018012,2.318776615
PLOT-017293,2.881262952
PLOT-017170,1.808467044
PLOT-017332,2.245720658
PLOT-016390,5.449439144
PLOT-018096,3.6780409
PLOT-015193,2.533001186
PLOT-018245,1.010227326
PLOT-018081,2.013680152
PLOT-018663,4.046438548
PLOT-017419,0.806496767
PLOT-018326,4.003648438
PLOT-016915,3.121018499
PLOT-016788,6.049257533
PLOT-017072,4.989716072
PLOT-016579,2.25892688
PLOT-017705,3.070258632
PLOT-016872,1.521956697
PLOT-015705,1.202186547
PLOT-015131,3.009744306
PLOT-015592,0.646883283
PLOT-015664,1.036292046
PLOT-015565,2.524507023
PLOT-017503,1.323007077
PLOT-016306,2.757012369
PLOT-016077,4.288559269
PLOT-015178,2.244686813
PLOT-017737,4.443718612
PLOT-018393,2.655969772
PLOT-016431,1.225458647
PLOT-016279,3.955228695
PLOT-015854,4.46432203
PLOT-015720,4.086016865
PLOT-016893,3.018658395
PLOT-017746,4.915992849
PLOT-018507,4.036573
PLOT-016352,3.332201252
PLOT-018687,5.246843214
PLOT-017541,3.985761967
PLOT-017309,2.558732423
PLOT-015517,2.550547383
PLOT-018110,4.349877123
PLOT-017497,4.858371031
PLOT-018634,1.15621044
PLOT-015079,2.101578467
PLOT-017992,3.859103048
PLOT-016225,4.030672548
PLOT-015427,3.66274992
PLOT-016795,3.04354402
PLOT-017765,2.305375187
PLOT-018264,0.970693863
PLOT-017756,0.626861434
PLOT-018570,0.925279806
PLOT-016470,1.312418858
PLOT-017178,1.033186051
PLOT-018492,5.004165414
PLOT-015933,1.930383632
PLOT-017090,2.879592073
PLOT-018323,3.029023305
PLOT-015527,4.426571049
PLOT-018504,0.743667253
PLOT-015513,5.653444275
PLOT-016995,0.733349184
PLOT-017228,3.232031745
PLOT-017700,1.497975094
PLOT-015707,1.843812503
PLOT-016771,2.294895408
PLOT-016332,2.470118178
PLOT-015670,2.367014311
PLOT-017610,3.25957931
PLOT-015991,3.96420302
PLOT-016438,2.82198576
PLOT-015180,4.506700323
PLOT-016277,3.247969139
PLOT-016674,3.505331654
PLOT-018134,4.256884781
PLOT-016933,3.748308449
PLOT-017924,3.86743042
PLOT-016039,3.194417654
PLOT-016084,3.625521148
PLOT-016730,5.009726028
PLOT-015615,3.233461078
PLOT-017841,2.683247154
PLOT-018607,2.753421653
PLOT-016347,5.526822716
PLOT-016275,3.408151302
PLOT-015802,1.746724927
PLOT-017134,2.528664183
PLOT-015448,1.47424097
PLOT-016387,4.807147003
PLOT-018608,6.27999037
PLOT-015430,1.634357586
PLOT-018317,1.037247866
PLOT-017893,2.95539592
PLOT-017014,0.356070483
PLOT-015450,2.397065524
PLOT-015580,3.379057784
PLOT-016609,1.523206051
PLOT-017059,2.305889121
PLOT-015596,7.332067605
PLOT-016714,1.071186611
PLOT-015789,2.781935633
PLOT-015346,0.280124098
PLOT-015502,3.808788361
PLOT-018590,2.875357156
PLOT-016406,1.643982833
PLOT-017176,3.339926638
PLOT-016166,1.990020821
PLOT-016608,1.637696602
PLOT-017301,2.042255173
PLOT-016830,2.416132722
PLOT-015268,2.037449338
PLOT-017013,2.81854801
PLOT-017006,3.823346372
PLOT-018141,2.906002846
PLOT-017421,1.981428484
PLOT-017719,1.186771485
PLOT-017157,2.717371986
PLOT-017075,1.255831343
PLOT-018185,1.076303189
PLOT-017305,3.718780178
PLOT-018525,3.566529905
PLOT-018395,2.512084757
PLOT-015992,4.952355928
PLOT-015977,2.522009967
PLOT-017236,1.766792752
PLOT-015314,2.911882124
PLOT-017721,2.460366319
PLOT-017641,3.197729778
PLOT-015283,1.82204772
PLOT-016134,2.351077382
PLOT-017003,5.491069172
PLOT-017742,2.791642767
PLOT-015032,2.900541506
PLOT-015590,3.784710576
PLOT-018723,1.453831331
PLOT-015240,5.015639358
PLOT-017771,1.081746504
PLOT-016558,5.242746506
PLOT-018071,3.967894991
PLOT-017804,4.646696549
PLOT-016720,1.313225109
PLOT-015339,1.590369484
PLOT-015993,2.242397133
PLOT-016731,1.097375717
PLOT-016785,2.030248685
PLOT-017733,2.867631978
PLOT-016170,3.308172362
PLOT-018373,1.845123368
PLOT-016765,2.829927222
PLOT-015498,2.142496679
PLOT-015280,4.287366317
PLOT-015217,3.161134544
PLOT-016949,2.033218627
PLOT-015672,3.546744906
PLOT-016236,3.675643837
PLOT-016643,6.260717331
PLOT-015668,3.016488499
PLOT-016483,2.840424288
PLOT-017761,2.29297877
PLOT-016412,2.3723303
PLOT-018097,3.949082016
PLOT-016617,1.656241224
PLOT-015356,2.400504113
PLOT-015971,1.347617913
PLOT-018406,2.579197632
PLOT-016749,1.855751602
PLOT-017081,1.752993056
PLOT-015852,1.585596389
PLOT-016208,2.631371019
PLOT-017786,2.051144255
PLOT-017839,2.396271742
PLOT-015751,2.273729398
PLOT-018336,2.85646067
PLOT-018593,4.886139827
PLOT-015362,1.573838146
PLOT-016078,1.623195816
PLOT-016597,2.810138694
PLOT-015012,1.979449736
PLOT-015485,2.551333711
PLOT-016261,3.13968045
PLOT-016745,3.167585873
PLOT-017735,4.293866327
PLOT-018382,3.742274327
PLOT-015786,1.867298068
PLOT-015959,2.118031863
PLOT-017655,1.0559324
PLOT-015740,1.754338588
PLOT-015524,2.348177717
PLOT-017879,5.272699077
PLOT-017634,1.562488779
PLOT-018092,4.155318341
PLOT-017915,2.480085879
PLOT-018621,2.26960253
PLOT-017004,3.308561682
PLOT-015884,2.145222355
PLOT-017530,2.398255058
PLOT-015453,3.428294333
PLOT-018324,2.356293044
PLOT-016657,1.108324294
PLOT-018639,2.149243044
PLOT-017328,1.851705086
PLOT-016425,3.325587973
PLOT-015099,2.635444611
PLOT-018690,2.203439732
PLOT-017698,1.689268008
PLOT-015979,1.799162734
PLOT-016157,5.666452832
PLOT-017015,2.501813833
PLOT-016374,1.977372487
PLOT-016381,2.197875897
PLOT-016040,2.395287639
PLOT-017168,2.187043959
PLOT-016286,7.081282566
PLOT-015760,4.316897295
PLOT-016086,1.884892112
PLOT-016767,1.931506104
PLOT-015210,3.061295411
PLOT-016596,4.396809304
PLOT-017052,1.514049086
PLOT-016240,5.218671983
PLOT-017276,2.8272887
PLOT-017590,3.297172541
PLOT-017768,4.882378122
PLOT-017526,3.794188818
PLOT-016171,4.311687436
PLOT-016459,3.994841111
PLOT-016183,3.773254298
PLOT-018534,4.252160688
PLOT-018132,3.657875069
PLOT-015773,4.63605497
PLOT-017304,3.463339669
PLOT-015631,3.463487752
PLOT-016153,3.494961642
PLOT-016398,2.678514735
PLOT-015387,0.800611388
PLOT-016496,3.304743601
PLOT-016971,2.690605577
PLOT-016116,3.802257222
PLOT-015476,1.43499184
PLOT-016547,5.103211126
PLOT-016463,2.274085682
PLOT-017930,1.749720984
PLOT-016242,1.065627923
PLOT-018215,3.730997402
PLOT-017425,7.57383311
PLOT-018564,2.364184039
PLOT-015833,4.663645927
PLOT-017116,2.855832022
PLOT-017323,4.722185594
PLOT-015523,5.292989761
PLOT-015203,4.160677014
PLOT-018506,4.907138488
PLOT-015736,3.021750341
PLOT-018510,4.91602524
PLOT-018104,2.52130158
PLOT-017736,0.421031652
PLOT-018520,4.36403455
PLOT-017342,3.785400986
PLOT-016690,1.280005106
PLOT-015929,4.06192185
PLOT-017434,1.184892392
PLOT-015372,1.910566182
PLOT-017272,2.564618601
PLOT-015488,3.268590397
PLOT-018235,0.703198946
PLOT-016167,6.369409722
PLOT-017166,2.688285434
PLOT-018586,2.474198689
PLOT-015676,2.040320806
PLOT-017242,1.764987839
PLOT-017668,3.235818101
PLOT-016121,4.268490261
PLOT-017644,1.600431737
PLOT-017835,1.160797061
PLOT-017227,1.580321418
PLOT-018024,2.827804349
PLOT-015700,5.260585772
PLOT-017264,4.519061365
PLOT-017394,1.677743625
PLOT-018455,1.49339064
PLOT-016108,2.352295075
PLOT-015224,3.672898393
PLOT-017557,2.532077242
PLOT-017020,3.816171938
PLOT-015587,4.42771605
PLOT-015172,4.785900633
PLOT-017124,2.485470653
PLOT-016324,4.380833221
PLOT-015110,0.868321406
PLOT-015582,3.594244545
PLOT-017565,2.585144516
PLOT-016420,5.431766189
PLOT-017970,3.968071473
PLOT-018061,2.321656487
PLOT-015255,3.533437191
PLOT-018672,1.551501393
PLOT-015455,1.875371566
PLOT-016493,1.954341878
PLOT-018113,1.128912506
PLOT-018523,0.301519612
PLOT-015800,4.532567367
PLOT-018463,3.129304242
PLOT-018135,1.614302814
PLOT-017335,2.418062309
PLOT-017223,1.045858228
PLOT-017864,7.421512663
PLOT-015118,2.742869583
PLOT-016911,1.825006419
PLOT-017651,5.527481456
PLOT-017281,3.048600819
PLOT-016514,1.431768838
PLOT-015876,4.050360927
PLOT-018403,3.560392247
PLOT-017055,2.301110464
PLOT-015600,2.692625994
PLOT-015008,5.816174697
PLOT-016164,4.135341746
PLOT-018668,2.732543428
PLOT-016809,5.361754506
PLOT-016774,3.083158792
PLOT-016781,5.536236109
PLOT-018422,1.000794648
PLOT-017994,2.84833635
PLOT-015536,1.944417878
PLOT-018511,5.296326078
PLOT-017667,2.335925082
PLOT-018575,2.068617061
PLOT-018678,1.901186619
PLOT-015275,5.388927469
PLOT-018426,2.509193145
PLOT-016434,1.723985639
PLOT-016489,1.910730257
PLOT-015442,3.136315796
PLOT-018383,1.649407914
PLOT-017143,2.428309387
PLOT-016564,1.493525595
PLOT-018128,2.818637044
PLOT-015984,4.363813908
PLOT-015785,2.850859707
PLOT-015928,1.823111282
PLOT-016260,2.89574728
PLOT-016294,2.788644756
PLOT-018259,3.681985646
PLOT-018616,3.657961866
PLOT-018606,2.216911683
PLOT-017216,4.636584244
PLOT-016135,3.514718811
PLOT-017665,1.811751614
PLOT-015871,3.820302456
PLOT-017086,3.458989386
PLOT-015847,4.746787432
PLOT-018227,5.112204109
PLOT-015024,1.036827026
PLOT-018345,3.555297486
PLOT-015057,2.096191562
PLOT-017594,2.562712578
PLOT-015190,1.681705801
PLOT-015898,1.448194074
PLOT-017490,1.783428855
PLOT-018357,2.496543697
PLOT-017513,3.683851252
PLOT-015492,1.081369463
PLOT-015962,3.216947427
PLOT-016257,3.056275081
PLOT-018022,2.220017029
PLOT-015640,3.722828201
PLOT-015002,2.368817213
PLOT-016344,5.001598955
PLOT-017575,3.293013232
PLOT-015141,2.353254752
PLOT-016820,4.285327728
PLOT-017501,2.390189843
PLOT-015612,2.246164872
PLOT-017531,2.749990242
PLOT-016582,1.638012582
PLOT-017965,1.850830729
PLOT-017991,3.074913611
PLOT-017054,4.729117019
PLOT-015227,2.567232164
PLOT-018364,2.855771733
PLOT-015568,0.838383316
PLOT-016732,2.866455547
PLOT-015572,5.421544262
PLOT-017017,3.138196477
PLOT-017741,4.478616512
PLOT-017961,2.38017747
PLOT-017989,1.891925873
PLOT-015289,4.079234947
PLOT-016122,2.56057493
PLOT-015920,1.856994758
PLOT-017109,1.41976087
PLOT-016583,0.709957326
PLOT-016229,4.839056139
PLOT-015939,6.15779977
PLOT-017762,4.359580834
PLOT-017536,3.359916542
PLOT-015426,2.475376902
PLOT-018053,5.508811732
PLOT-016144,2.894548759
PLOT-017211,1.914657371
PLOT-015602,0.712295459
PLOT-017111,3.011988464
PLOT-017779,5.420555756
PLOT-018017,1.428138432
PLOT-017521,5.087938073
PLOT-016308,2.411724029
PLOT-018248,2.688224611
PLOT-015423,1.111864083
PLOT-017728,2.393377244
PLOT-016429,4.292754744
PLOT-015578,3.01246948
PLOT-015278,4.183109327
PLOT-016491,1.143139948
PLOT-015151,2.221034123
PLOT-018130,2.307291311
PLOT-015378,3.038341941
PLOT-015895,1.965565783
PLOT-018666,3.101178
PLOT-018355,5.383444345
PLOT-015841,4.152471145
PLOT-018209,5.894930708
PLOT-017194,3.299401153
PLOT-018301,2.351641778
PLOT-016614,1.760552174
PLOT-017783,3.004041985
PLOT-015717,1.052124618
PLOT-018032,2.408225091
PLOT-015386,2.495051611
PLOT-015446,2.422854553
PLOT-017106,3.613219771
PLOT-018727,2.180690193
PLOT-016222,2.730616994
PLOT-017595,2.244875141
PLOT-018172,3.433402087
PLOT-015142,1.77888902
PLOT-017254,1.457037642
PLOT-016903,2.50358958
PLOT-018037,2.510241842
PLOT-017457,3.772252666
PLOT-015451,4.671081734
PLOT-016228,3.53216964
PLOT-016256,2.148339176
PLOT-018188,1.477483985
PLOT-018187,3.515059731
PLOT-017395,1.681682453
PLOT-017502,1.836529531
PLOT-017246,5.971580854
PLOT-017679,3.482657016
PLOT-017645,2.163149865
PLOT-015734,3.60272474
PLOT-017931,2.863871177
PLOT-015456,5.607070001
PLOT-016391,2.529198952
PLOT-017703,2.354868183
PLOT-017955,3.914004444
PLOT-018424,2.385582549
PLOT-017704,3.534599567
PLOT-017831,3.716600631
PLOT-017693,0.464851335
PLOT-018179,1.032744556
PLOT-017740,3.217387211
PLOT-016670,3.05114239
PLOT-016876,2.008206098
PLOT-016457,0.803243949
PLOT-016188,0.74690226
PLOT-016523,1.103898826
PLOT-015803,1.136768053
PLOT-017592,1.696691144
PLOT-015036,3.024441026
PLOT-018547,1.269435959
PLOT-018490,7.045209079
PLOT-017201,3.2893259
PLOT-018559,2.827862554
PLOT-015855,1.916214642
PLOT-017407,1.842899014
PLOT-017748,3.331458161
PLOT-016325,3.296484583
PLOT-016910,0.760761273
PLOT-016626,2.953928595
PLOT-016727,2.758915018
PLOT-015100,0.670738222
PLOT-018251,1.536214629
PLOT-016929,3.840547154
PLOT-015341,3.954129846
PLOT-018532,2.774592174
PLOT-016312,2.690965924
PLOT-015540,1.293306857
PLOT-018292,2.50523219
PLOT-015243,1.470730358
PLOT-018342,2.092444856
PLOT-015419,2.71766546
PLOT-018330,2.401769464
PLOT-016888,2.51231316
PLOT-016734,2.295490391
PLOT-015727,1.883642211
PLOT-015037,2.141585252
PLOT-017202,2.971885752
PLOT-016742,2.297491756
PLOT-017898,2.213109559
PLOT-015071,3.822580132
PLOT-017951,2.495264615
PLOT-016203,1.33321602
PLOT-015226,2.586654486
PLOT-016141,0.878766185
PLOT-015669,4.51102626
PLOT-017411,2.879037934
PLOT-016541,3.458003359
PLOT-017846,1.571401808
PLOT-018428,2.958512385
PLOT-016849,1.475218765
PLOT-016102,3.010306931
PLOT-018657,0.633615028
PLOT-017114,4.983190555
PLOT-018335,3.399770462
PLOT-015468,3.161322239
PLOT-017031,2.170512207
PLOT-017787,3.248133149
PLOT-016916,1.693430469
PLOT-017311,2.347613138
PLOT-018389,0.959105803
PLOT-015824,1.69126983
PLOT-016396,1.77191792
PLOT-017975,4.842346816
PLOT-017363,4.16619642
PLOT-015845,2.961173602
PLOT-017777,3.031958331
PLOT-017911,2.965974922
PLOT-018123,4.384081926
PLOT-015078,3.312655632
PLOT-018160,3.765637661
PLOT-016321,2.133875049
PLOT-016083,2.535921735
PLOT-016320,1.909912841
PLOT-017558,5.198523565
PLOT-018363,5.906032601
PLOT-016700,0.933537661
PLOT-015943,1.179394069
PLOT-017712,2.463050367
PLOT-018304,3.357107118
PLOT-016733,2.850464804
PLOT-015241,2.561660857
PLOT-018312,2.638174682
PLOT-018299,2.405627003
PLOT-017856,2.961858022
PLOT-018006,4.054026443
PLOT-018302,4.937052307
PLOT-015526,4.334332704
PLOT-015798,2.90597389
PLOT-015713,3.462231836
PLOT-018139,2.476848227
PLOT-018685,1.423202738
PLOT-015738,1.733048866
PLOT-016946,1.622139761
PLOT-017225,3.235613504
PLOT-018118,3.668082965
PLOT-018434,3.531096152
PLOT-016377,3.537947713
PLOT-016914,6.107654628
PLOT-016778,4.819585717
PLOT-018633,2.036686232
PLOT-015757,4.644914087
PLOT-017711,2.583887874
PLOT-015429,5.053694614
PLOT-016982,3.879429429
PLOT-018432,3.213822546
PLOT-018313,2.01739586
PLOT-016966,5.364916158
PLOT-015981,2.772664145
PLOT-015263,1.49632077
PLOT-018202,3.332248693
PLOT-018701,3.113616221
PLOT-015547,0.659213704
PLOT-015454,2.666256802
PLOT-015338,5.768361034
PLOT-015026,2.105355342
PLOT-017844,1.09716597
PLOT-016062,2.171441114
PLOT-015320,3.243999027
PLOT-015000,3.124281115
PLOT-016506,1.258202462
PLOT-018686,1.950740033
PLOT-016151,2.495553648
PLOT-015407,2.455211932
PLOT-016769,3.69336255
PLOT-016210,2.321379599
PLOT-015750,3.188468263
PLOT-017000,1.471811296
PLOT-016542,3.348357079
PLOT-017794,2.632824903
PLOT-016095,5.493466312
PLOT-018217,3.581715439
PLOT-015577,3.433033754
PLOT-016326,2.197581336
PLOT-017811,2.723949797
PLOT-018143,2.613176357
PLOT-017234,4.474321851
PLOT-015270,1.705426459
PLOT-015170,1.569961511
PLOT-017905,4.013522398
PLOT-017189,0.96061076
PLOT-016783,3.552003164
PLOT-015674,4.18940171
PLOT-017807,2.588448383
PLOT-016868,3.139010463
PLOT-018515,0.888878485
PLOT-016441,5.865708116
PLOT-016723,1.727380681
PLOT-016958,3.578214893
PLOT-016619,1.32607257
PLOT-017366,2.248217501
PLOT-017866,3.679071362
PLOT-016987,5.282493963
PLOT-015253,1.645046872
PLOT-016276,1.895900744
PLOT-017910,2.353559321
PLOT-017289,2.807386449
PLOT-015295,3.78941873
PLOT-015053,1.17610453
PLOT-016096,1.548784764
PLOT-015191,2.074368645
PLOT-015301,2.913372782
PLOT-015365,3.654306974
PLOT-017499,3.298843428
PLOT-016977,3.871361735
PLOT-018703,2.227317451
PLOT-015744,2.614563626
PLOT-016191,2.947623528
PLOT-017039,2.507670266
PLOT-017670,3.127354875
PLOT-016923,3.390536611
PLOT-016355,1.420123405
PLOT-016113,2.180676448
PLOT-017511,2.265813099
PLOT-015374,3.043767386
PLOT-016821,1.940997369
PLOT-015291,0.938576294
PLOT-018358,4.183445836
PLOT-015389,3.393971243
PLOT-018375,3.540968334
PLOT-018133,3.737290164
PLOT-016180,3.25546328
PLOT-016598,2.613754373
PLOT-018514,2.923155053
PLOT-017084,0.970606943
PLOT-015214,2.600349881
PLOT-016016,3.109286099
PLOT-016864,3.478998264
PLOT-015410,1.284607864
PLOT-016545,3.425824016
PLOT-017619,2.001641095
PLOT-015832,2.231843995
PLOT-015179,4.612129646
PLOT-015690,0.30834232
PLOT-018122,1.465221585
PLOT-015470,1.771895553
PLOT-015704,3.441614063
PLOT-017346,0.674937916
PLOT-018653,1.284056228
PLOT-017887,1.757349203
PLOT-017593,3.219491896
PLOT-016075,3.493741286
PLOT-018680,4.831317251
PLOT-016627,1.787098394
PLOT-018399,3.175075149
PLOT-018295,3.780820025
PLOT-015063,6.762284196
PLOT-015769,3.031519636
PLOT-016428,2.025697427
PLOT-015324,2.208276491
PLOT-015819,3.312869891
PLOT-015780,0.543703246
PLOT-016699,2.179941471
PLOT-016123,4.522959438
PLOT-018152,2.606916989
PLOT-015752,3.579153443
PLOT-016067,3.33213008
PLOT-018614,5.696728169
PLOT-016041,1.771112501
PLOT-018109,2.798349396
PLOT-017417,2.7779764
PLOT-015716,0.784743395
PLOT-017717,3.088370946
PLOT-017582,2.834885539
PLOT-015550,2.095909593
PLOT-018008,3.019557629
PLOT-015749,0.86513358
PLOT-016487,3.501957131
PLOT-017486,2.324574919
PLOT-018337,1.837603059
PLOT-017426,2.531951856
PLOT-018213,1.202908351
PLOT-017928,4.399353417
PLOT-018400,1.350756809
PLOT-018531,1.397912894
PLOT-017130,3.538155595
PLOT-015842,2.767705291
PLOT-016997,5.251151498
PLOT-015020,2.886850692
PLOT-017418,4.225085019
PLOT-015879,0.734766882
PLOT-017329,2.522975109
PLOT-018050,3.294042821
PLOT-015863,5.345659334
PLOT-017190,2.400953015
PLOT-016376,3.502944435
PLOT-016936,1.248548166
PLOT-015354,2.244272114
PLOT-015951,1.081319952
PLOT-018496,0.74051501
PLOT-016930,4.164789801
PLOT-016430,6.582031706
PLOT-018121,3.749122035
PLOT-017543,2.521257618
PLOT-017978,3.188201396
PLOT-016305,5.645640388
PLOT-016073,2.723302746
PLOT-016159,1.403116146
PLOT-015058,2.167479872
PLOT-017450,5.192342006
PLOT-017033,2.357168145
PLOT-016696,2.241694569
PLOT-016379,0.967473455
PLOT-016536,2.536765654
PLOT-016593,2.25984671
PLOT-018407,2.313475344
PLOT-016539,0.767401013
PLOT-017566,2.510027029
PLOT-016423,2.718582679
PLOT-017899,0.906079896
PLOT-016718,2.54461114
PLOT-018418,3.287488108
PLOT-017527,2.995246359
PLOT-016068,3.014390965
PLOT-015147,2.249373394
PLOT-016715,3.678092542
PLOT-018198,3.201101014
PLOT-016589,3.730329651
PLOT-017747,2.692640155
PLOT-016531,2.431917153
PLOT-017799,2.715764255
PLOT-015452,0.349269526
PLOT-016561,1.328133345
PLOT-016955,3.204677075
PLOT-018544,2.451255801
PLOT-015192,1.399134397
PLOT-016038,2.363246476
PLOT-016537,4.316940751
PLOT-016293,2.421051822
PLOT-018398,1.841742209
PLOT-018378,2.466372849
PLOT-017606,3.567295334
PLOT-015626,2.916112775
PLOT-016697,2.586997015
PLOT-017338,3.246468048
PLOT-018067,1.923547765
PLOT-017294,2.88090572
PLOT-015974,2.320188201
PLOT-016763,2.084095311
PLOT-018460,3.156967756
PLOT-015150,5.607799539
PLOT-017948,5.651947795
PLOT-016524,5.147079422
PLOT-018623,3.256805222
PLOT-018719,3.63584516
PLOT-016939,1.974541739
PLOT-018360,6.598809918
PLOT-015484,0.721167938
PLOT-017520,1.435842128
PLOT-018042,4.348896426
PLOT-016302,2.227910769
PLOT-015649,3.112067275
PLOT-016495,3.040629494
PLOT-018724,2.418332429
PLOT-016527,3.415734996
PLOT-018568,4.098630221
PLOT-017347,4.249612821
PLOT-018331,3.455401857
PLOT-018482,2.316723515
PLOT-017082,4.510091658
PLOT-016216,1.576339706
PLOT-018468,1.871416888
PLOT-015945,3.303001321
PLOT-018396,4.20823341
PLOT-015072,3.299259537
PLOT-016610,1.872753638
PLOT-017614,5.481879953
PLOT-017098,0.90959985
PLOT-018503,1.948594606
PLOT-015762,1.875160785
PLOT-015089,3.553217328
PLOT-017621,3.669167886
PLOT-016375,2.700916316
PLOT-015017,3.410926354
PLOT-018494,3.088442118
PLOT-015804,5.433904097
PLOT-016526,2.286459578
PLOT-018537,3.109003679
PLOT-017662,1.330593251
PLOT-016127,2.12287781
PLOT-017248,2.073916891
PLOT-015838,2.530663916
PLOT-016057,3.861541838
PLOT-015864,1.136439247
PLOT-018182,2.596381797
PLOT-018404,1.375702887
PLOT-015298,2.211480595
PLOT-018059,0.633042956
PLOT-016801,2.374472155
PLOT-016871,2.075008586
PLOT-016061,3.585699327
PLOT-016029,3.675469054
PLOT-017769,1.691291918
PLOT-017182,3.012255772
PLOT-015398,3.381485884
PLOT-017643,4.90301421
PLOT-016337,4.40726523
PLOT-016802,1.993524054
PLOT-017918,2.449850963
PLOT-017142,2.54257141
PLOT-016845,2.66875523
PLOT-015395,2.332638668
PLOT-015094,3.103715985
PLOT-016291,1.119519922
PLOT-018411,2.576460809
PLOT-016353,2.110332649
PLOT-016469,2.588321867
PLOT-018585,2.122042249
PLOT-018311,5.393384979
PLOT-016444,2.326727433
PLOT-016543,2.605464525
PLOT-018658,3.127083945
PLOT-016942,2.945198647
PLOT-018518,2.966121228
PLOT-015661,3.711133614
PLOT-018117,1.445601512
PLOT-016682,2.399625327
PLOT-016635,1.718140609
PLOT-018065,1.77314494
PLOT-015317,2.14677259
PLOT-018334,2.213069399
PLOT-017233,2.366150313
PLOT-015947,1.306674529
PLOT-018376,2.839491632
PLOT-015770,3.584672377
PLOT-016380,1.995702895
PLOT-016962,2.691080019
PLOT-017470,1.322195751
PLOT-015544,4.59438391
PLOT-016382,5.500210935
PLOT-018216,1.174363579
PLOT-018102,3.439563042
PLOT-016831,2.127719362
PLOT-015635,3.765609572
PLOT-016181,4.1955329
PLOT-017041,6.741650042
PLOT-017685,1.307683772
PLOT-015108,2.412154878
PLOT-017439,2.299405612
PLOT-017754,3.674856589
PLOT-017410,1.799893904
PLOT-017548,2.205235013
PLOT-017161,3.332660402
PLOT-016940,2.976777496
PLOT-018256,4.214013538
PLOT-015139,2.475675181
PLOT-015712,3.244920221
PLOT-017144,5.313674583
PLOT-015287,2.054935385
PLOT-017077,1.222255801
PLOT-015823,3.958269084
PLOT-017035,2.732315387
PLOT-017914,3.232469209
PLOT-017449,1.369207591
PLOT-016869,1.369076129
PLOT-016513,4.078026653
PLOT-018023,1.903842109
PLOT-018300,2.94291481
PLOT-016224,6.266989486
PLOT-018176,2.259116337
PLOT-018509,2.15493962
PLOT-017099,3.119858399
PLOT-015525,1.60523017
PLOT-015473,2.168039966
PLOT-015506,2.389338326
PLOT-017011,2.456774788
PLOT-016223,0.885909881
PLOT-015396,1.975170192
PLOT-015515,3.123741783
PLOT-016343,2.567428341
PLOT-015891,2.716003514
PLOT-018412,3.511005018
PLOT-016264,3.051208721
PLOT-017164,2.624259632
PLOT-015877,1.707148405
PLOT-017118,4.839654258
PLOT-015013,1.419906852
PLOT-018693,2.01050627
PLOT-017065,1.704957631
PLOT-017825,3.463946484
PLOT-017812,5.222413016
PLOT-015376,1.043669635
PLOT-017361,2.058439368
PLOT-016900,2.455104352
PLOT-015857,4.64064383
PLOT-015503,3.404612119
PLOT-016081,4.425420244
PLOT-015046,3.64241017
PLOT-017297,2.742853184
PLOT-015266,1.451085272
PLOT-017626,3.150948599
PLOT-018346,1.227886569
PLOT-016549,1.381854086
PLOT-016022,3.865621499
PLOT-015232,1.555616093
PLOT-018063,2.128992695
PLOT-018243,2.294572225
PLOT-018354,6.119475526
PLOT-018562,5.258694895
PLOT-018681,3.030416474
PLOT-016189,1.225270681
PLOT-018028,1.877601165
PLOT-017188,2.242873074
PLOT-016584,1.859862643
PLOT-015173,2.492426061
PLOT-016165,2.267230203
PLOT-015204,1.933280109
PLOT-017519,1.008467149
PLOT-017263,5.163434697
PLOT-016177,1.707508279
PLOT-016162,2.587564697
PLOT-015630,3.152708135
PLOT-015681,1.583672334
PLOT-018683,1.343055147
PLOT-018016,1.70535353
PLOT-018408,2.178003373
PLOT-018240,1.876451117
PLOT-016511,2.125198692
PLOT-015621,4.100445748
PLOT-016450,3.658372504
PLOT-017455,3.172596933
PLOT-016554,2.68856341
PLOT-016292,2.082034125
PLOT-016106,1.229290603
PLOT-016600,1.810414613
PLOT-016409,5.060162887
PLOT-015132,2.956741226
PLOT-016851,0.786139368
PLOT-016124,2.769704868
PLOT-016036,2.131650635
PLOT-015644,4.280065477
PLOT-015778,1.269082271
PLOT-016447,3.648535793
PLOT-018162,1.504662368
PLOT-017716,2.878127112
PLOT-017552,2.800499054
PLOT-017314,2.010874411
PLOT-018456,3.729378302
PLOT-018366,0.547497241
PLOT-017516,0.721269107
PLOT-017745,3.704262366
PLOT-016586,2.387345661
PLOT-015117,5.972521597
PLOT-018642,0.919288141
PLOT-016192,1.905380042
PLOT-017603,5.050162445
PLOT-015563,1.595780283
PLOT-015722,3.565612127
PLOT-016418,2.556635434
PLOT-015490,3.192436479
PLOT-016070,3.365482452
PLOT-017280,2.739739724
PLOT-018148,1.554532519
PLOT-017185,2.979535254
PLOT-017320,1.988101474
PLOT-017461,1.717563414
PLOT-017222,1.780297228
PLOT-016458,3.696613247
PLOT-017706,2.846410261
PLOT-018415,2.561985756
PLOT-017068,3.864037957
PLOT-017350,3.130773991
PLOT-015609,3.725908203
PLOT-016538,3.071377074
PLOT-016455,3.205517636
PLOT-017436,1.306168172
PLOT-017021,3.440557574
PLOT-015997,1.802047397
PLOT-015576,2.041885671
PLOT-016163,2.692029858
PLOT-015019,3.052218952
PLOT-018325,2.914736774
PLOT-017906,2.61479604
PLOT-017751,1.592202676
PLOT-016274,2.76259654
PLOT-015755,1.943651044
PLOT-015754,3.473506925
PLOT-017451,1.595430339
PLOT-016327,0.541704859
PLOT-015639,1.108261206
PLOT-017749,6.392861273
PLOT-015043,2.138452852
PLOT-015007,2.287040287
PLOT-018070,3.053521975
PLOT-017383,3.633553888
PLOT-015471,0.877628556
PLOT-015421,2.695665228
PLOT-017310,3.335884705
PLOT-015189,3.207240202
PLOT-018619,3.58589585
PLOT-018662,2.303030588
PLOT-015905,2.328345343
PLOT-017729,2.621988853
PLOT-018049,5.29061847
PLOT-018258,5.915010222
PLOT-015464,5.369157899
PLOT-017950,2.607593785
PLOT-017629,2.973710981
PLOT-018281,1.043344754
PLOT-017334,2.095290285
PLOT-016435,4.28953715
PLOT-018689,0.137891365
PLOT-016965,3.177875816
PLOT-015065,1.972380557
PLOT-017043,0.934541562
PLOT-017373,0.954440591
PLOT-015432,2.346336923
PLOT-016432,1.992370038
PLOT-015101,2.243348081
PLOT-015048,1.550355044
PLOT-018103,1.203781759
PLOT-018214,2.076049115
PLOT-016847,3.198585337
PLOT-018171,2.960028413
PLOT-017285,2.144935121
PLOT-017385,1.166117951
PLOT-016777,3.032326693
PLOT-017695,4.121899592
PLOT-018153,2.251393608
PLOT-015828,1.634366545
PLOT-017355,3.35264083
PLOT-015129,5.812997222
PLOT-018054,3.830509663
PLOT-017085,4.388449429
PLOT-015849,3.098069103
PLOT-016953,4.13010104
PLOT-015315,1.261966783
PLOT-016647,2.854230674
PLOT-015237,1.982141
PLOT-018319,2.10730859
PLOT-016873,0.84576632
PLOT-017974,4.246441395
PLOT-018443,3.413465335
PLOT-018365,1.051371321
PLOT-017505,1.14736768
PLOT-015522,2.156807248
PLOT-018745,2.499064772
PLOT-015054,1.898444294
PLOT-017102,3.27631695
PLOT-018242,3.764091348
PLOT-017265,5.897942774
PLOT-016109,2.642978519
PLOT-018447,4.319254711
PLOT-016193,2.471101614
PLOT-016481,1.432368172
PLOT-015382,2.555762943
PLOT-018343,3.52801786
PLOT-017919,3.711537125
PLOT-015157,4.865138216
PLOT-018502,3.00106588
PLOT-017858,2.087610815
PLOT-015558,1.657602699
PLOT-015835,3.274923965
PLOT-018622,1.881176978
PLOT-015463,3.850674064
PLOT-018368,1.421812839
PLOT-018391,1.127017352
PLOT-018371,1.051249051
PLOT-016991,2.218838437
PLOT-017973,5.883727514
PLOT-018296,3.329079671
PLOT-017471,2.823271438
PLOT-017186,0.311182677
PLOT-017409,1.774111465
PLOT-016874,2.353662281
PLOT-016806,3.134802879
PLOT-015595,5.012719783
PLOT-016085,0.67393097
PLOT-018020,3.071838201
PLOT-018746,5.213257259
PLOT-016815,2.451398553
PLOT-016770,2.568589457
PLOT-017325,2.518300597
PLOT-017782,3.832139216
PLOT-015367,3.945484754
PLOT-016232,2.236146095
PLOT-018220,2.498031889
PLOT-016601,0.954525279
PLOT-016877,2.876427616
PLOT-016671,2.276557276
PLOT-015097,1.624402703
PLOT-015860,0.796923967
PLOT-015364,1.724525175
PLOT-017091,2.654545524
PLOT-015381,1.720941126
PLOT-018647,5.048269803
PLOT-018469,2.987765506
PLOT-017336,1.494379762
PLOT-015028,1.843421094
PLOT-016098,0.98872808
PLOT-015447,5.100696635
PLOT-017820,4.479897813
PLOT-015820,2.701717788
PLOT-018170,4.311609115
PLOT-017406,3.352136208
PLOT-017123,2.503207376
PLOT-017638,3.601307841
PLOT-017678,2.143970505
PLOT-017195,1.533039261
PLOT-016622,1.827926346
PLOT-018173,2.123362017
PLOT-015721,1.950094778
PLOT-017714,1.773583986
PLOT-017539,2.870620885
PLOT-018397,2.509652526
PLOT-017423,2.141220607
PLOT-016691,1.290544011
PLOT-016642,1.172669101
PLOT-015779,2.53392557
PLOT-017196,2.572182881
PLOT-016023,1.747883306
PLOT-018288,0.58987208
PLOT-015004,2.197851081
PLOT-015428,1.329380226
PLOT-016947,2.465216901
PLOT-018660,2.229249587
PLOT-016467,2.461090515
PLOT-015516,1.171920784
PLOT-017573,3.37400877
PLOT-018058,3.182507251
PLOT-018416,2.942472452
PLOT-015350,3.345338383
PLOT-016805,2.878039556
PLOT-018191,2.395052759
PLOT-016683,3.460485547
PLOT-015660,1.493558563
PLOT-018430,1.813513654
PLOT-018005,0.747725886
PLOT-017837,5.761583228
PLOT-015899,2.506935034
PLOT-017525,2.347855781
PLOT-017969,2.799030407
PLOT-015158,1.953483853
PLOT-015383,3.033764186
PLOT-016721,2.284758399
PLOT-018356,0.780244141
PLOT-015140,5.587357854
PLOT-015465,2.99890929
PLOT-017766,1.868222309
PLOT-018587,0.941090792
PLOT-015299,2.066950824
PLOT-015397,2.25201409
PLOT-016615,6.065953788
PLOT-015934,3.539070562
PLOT-015887,2.923920748
PLOT-017283,3.067548424
PLOT-018150,5.599531402
PLOT-016922,4.217732405
PLOT-016033,3.148057592
PLOT-016776,4.989985088
PLOT-018062,3.857105295
PLOT-016634,1.435571255
PLOT-016048,2.90625129
PLOT-018157,2.012163335
PLOT-017537,3.17329369
PLOT-016528,1.136468118
PLOT-018120,0.90920086
PLOT-015846,1.932232246
PLOT-015251,4.94344535
PLOT-017037,2.100646146
PLOT-018669,1.929421346
PLOT-015806,4.581800521
PLOT-016552,1.733132243
PLOT-017966,2.050448435
PLOT-015715,1.137432169
PLOT-015336,2.246792809
PLOT-016659,2.143192544
PLOT-015987,3.994541344
PLOT-018505,2.973867656
PLOT-017993,2.774949207
PLOT-015195,2.322228487
PLOT-017732,4.354328346
PLOT-017551,1.489961286
PLOT-016857,2.20475926
PLOT-016044,1.584876614
PLOT-015279,3.635407515
PLOT-015096,4.057378995
PLOT-016521,2.532582228
PLOT-015441,5.737835684
PLOT-016196,2.745351202
PLOT-016812,3.379460678
PLOT-016796,3.023075759
PLOT-016042,2.610025747
PLOT-017922,2.880043936
PLOT-018247,2.367788154
PLOT-017132,3.066887088
PLOT-015330,1.2153725
PLOT-015392,3.46478669
PLOT-018601,3.127968113
PLOT-018315,1.546793552
PLOT-016515,4.818342461
PLOT-015861,2.933653094
PLOT-015745,2.443625711
PLOT-018347,1.356719692
PLOT-017878,1.579817999
PLOT-016111,2.165690468
PLOT-015327,3.429679522
PLOT-016119,2.148260733
PLOT-016088,3.437565375
PLOT-016897,4.63699561
PLOT-017958,1.123492841
PLOT-018625,1.795797177
PLOT-018595,1.630807815
PLOT-015003,2.421222814
PLOT-015594,3.115519318
PLOT-018522,4.528551667
PLOT-018290,2.531944878
PLOT-016490,2.749973317
PLOT-018277,2.221111833
PLOT-016870,1.481510033
PLOT-015549,2.792610082
PLOT-015556,4.635868636
PLOT-016358,1.444860058
PLOT-018163,2.166784558
PLOT-015541,3.985756882
PLOT-018433,3.544751711
PLOT-015252,4.252864801
PLOT-015264,2.067346558
PLOT-017622,0.931647406
PLOT-016471,1.714627316
PLOT-016234,2.638567485
PLOT-018679,4.001149319
PLOT-016401,0.078092968
PLOT-016853,3.999998452
PLOT-017094,3.844151613
PLOT-015918,3.52415318
PLOT-018310,1.945591067
PLOT-016064,2.999218527
PLOT-016533,2.288710049
PLOT-017579,3.041728764
PLOT-015300,4.723416205
PLOT-017743,2.111204312
PLOT-017326,1.963507689
PLOT-018033,2.608459144
PLOT-015553,2.919116675
PLOT-016512,1.415493941
PLOT-018260,2.330507973
PLOT-015467,2.121601092
PLOT-015344,2.798345297
PLOT-017508,2.215890764
PLOT-018654,2.511862434
PLOT-018513,2.578495524
PLOT-017654,4.258185914
PLOT-018031,2.07076929
PLOT-016417,0.483745219
PLOT-017673,1.413434116
PLOT-017028,3.060464739
PLOT-016448,4.721708228
PLOT-015166,1.531315228
PLOT-016706,1.037514827
PLOT-016338,3.478412059
PLOT-017441,0.65449512
PLOT-017307,6.811635568
PLOT-018004,2.264204329
PLOT-018189,2.915682234
PLOT-018221,1.454358174
PLOT-015439,2.529215438
PLOT-017288,4.742847127
PLOT-015021,2.862714908
PLOT-018060,3.27103484
PLOT-017401,2.442164357
PLOT-016079,1.05749714
PLOT-016918,0.225030364
PLOT-018279,0.718902959
PLOT-017215,3.690160792
PLOT-017883,2.324965216
PLOT-016227,4.718263095
PLOT-018193,2.565548551
PLOT-016650,3.179855912
PLOT-017073,3.667281194
PLOT-016213,2.10445026
PLOT-016544,1.918447649
PLOT-016807,5.831396096
PLOT-015313,4.339500527
PLOT-015487,1.650249896
PLOT-015229,3.7869589
PLOT-017570,2.745009676
PLOT-017149,4.204203225
PLOT-017512,2.114991442
PLOT-017415,0.973311569
PLOT-017671,2.589383182
PLOT-015286,1.82181854
PLOT-017416,1.619157716
PLOT-016698,0.966378021
PLOT-017791,4.546739417
PLOT-016653,3.02050686
PLOT-016901,3.760664366
PLOT-015810,3.982697097
PLOT-016693,3.31474927
PLOT-017795,3.716257778
PLOT-015431,1.958750769
PLOT-018618,2.306125084
PLOT-017691,1.346976708
PLOT-018688,2.752516514
PLOT-016368,2.45371436
PLOT-015620,0.897203006
PLOT-017145,3.454459541
PLOT-016520,3.790827785
PLOT-017880,2.85363275
PLOT-015936,2.101432328
PLOT-016205,2.457422169
PLOT-016202,2.579646553
PLOT-018695,1.901843021
PLOT-018377,0.684485162
PLOT-018578,0.743211681
PLOT-015130,2.177443749
PLOT-015521,2.248029073
PLOT-015955,6.436034569
PLOT-015913,3.304861998
PLOT-015859,3.284805266
PLOT-016854,2.517647385
PLOT-016315,2.788825166
PLOT-017154,3.581709276
PLOT-018613,2.525051573
PLOT-015127,2.033552386
PLOT-015284,3.78318423
PLOT-018138,3.675700795
PLOT-015978,3.266373637
PLOT-015623,4.434065433
PLOT-018735,3.94664659
PLOT-015688,2.761511842
PLOT-017370,0.962009019
PLOT-016366,2.667979847
PLOT-017500,2.112161391
PLOT-015995,1.890204166
PLOT-018380,4.347212974
PLOT-017850,0.901957425
PLOT-018112,1.193885616
PLOT-017267,2.220300794
PLOT-015610,2.923824746
PLOT-015458,3.020154856
PLOT-017785,1.879630656
PLOT-018676,2.881232393
PLOT-017158,1.279627335
PLOT-015462,2.107979678
PLOT-016573,3.067159837
PLOT-015792,0.832010776
PLOT-015504,2.525484713
PLOT-015308,5.77190101
PLOT-017193,2.75707578
PLOT-015363,4.51701435
PLOT-015579,1.56884649
PLOT-015105,1.378461144
PLOT-016705,2.810538528
PLOT-017862,1.535361871
PLOT-016132,2.767727733
PLOT-015507,2.102685625
PLOT-017268,2.595758052
PLOT-016011,2.281567956
PLOT-018604,5.046164849
PLOT-015946,2.991316548
PLOT-018284,2.700105482
PLOT-017040,0.855684697
PLOT-018444,2.702182393
PLOT-017206,3.035607853
PLOT-016336,1.68530387
PLOT-018381,0.886248929
PLOT-017522,1.380017864
PLOT-017613,3.104544283
PLOT-018439,3.910128515
PLOT-015188,2.090097069
PLOT-016793,4.147381622
PLOT-017261,2.070432503
PLOT-017657,1.382278618
PLOT-017609,2.905729016
PLOT-017589,3.859896874
PLOT-018624,2.036848289
PLOT-018576,2.804056007
PLOT-017635,2.484746273
PLOT-018175,3.313494906
PLOT-017886,3.185634767
PLOT-016959,1.3060509
PLOT-015976,1.924304358
PLOT-016707,6.631732792
PLOT-017290,1.32112225
PLOT-017255,1.766098843
PLOT-016818,2.343763844
PLOT-015862,4.418274226
PLOT-016173,1.115360356
PLOT-016651,3.472510064
PLOT-016340,5.243743932
PLOT-018546,1.664614427
PLOT-015281,0.947507376
PLOT-016509,2.034179834
PLOT-016832,1.114104528
PLOT-017571,2.189368582
PLOT-016115,0.927002499
PLOT-015353,1.573422389
PLOT-016034,0.758355733
PLOT-015731,4.381101795
PLOT-016445,1.241512114
PLOT-015702,1.620991263
PLOT-018635,3.631817243
PLOT-018691,2.035562493
PLOT-018194,3.179441867
PLOT-015160,5.812760843
PLOT-018154,1.624869619
PLOT-016881,3.317391124
PLOT-018206,1.403446594
PLOT-018742,3.426974548
PLOT-016678,1.505342685
PLOT-016137,4.543058566
PLOT-016385,2.880580963
PLOT-016198,0.53459418
PLOT-017237,2.280624922
PLOT-015501,1.882365499
PLOT-017076,2.05186371
PLOT-017376,4.186343765
PLOT-015162,2.732354847
PLOT-018700,2.66075054
PLOT-017152,0.815448938
PLOT-017358,1.549916661
PLOT-015185,2.024873993
PLOT-015459,1.442374747
PLOT-017057,3.109966474
PLOT-017387,1.550101713
PLOT-016007,2.612672236
PLOT-016008,5.762523458
PLOT-017588,1.678882978
PLOT-018237,2.190947398
PLOT-018374,5.408169458
PLOT-017388,2.07166284
PLOT-016890,1.135700835
PLOT-017270,2.029814562
PLOT-016287,2.332734694
PLOT-015368,2.631726351
PLOT-016168,2.177310198
PLOT-016402,2.878939057
PLOT-016925,4.249213654
PLOT-016318,2.48794601
PLOT-015493,2.01357396
PLOT-015231,2.588458334
PLOT-017623,1.989030555
PLOT-015333,1.752076387
PLOT-016475,3.126578154
PLOT-017882,2.321931276
PLOT-015788,2.050663305
PLOT-016138,2.437008023
PLOT-018082,4.738577245
PLOT-018131,2.858183147
PLOT-017694,2.637599496
PLOT-017868,1.066482368
PLOT-015380,2.139723192
PLOT-017554,4.515711321
PLOT-017713,2.633978671
PLOT-015067,4.05651029
PLOT-016979,1.372455629
PLOT-017271,3.056962527
PLOT-016882,0.704179846
PLOT-015477,2.486121585
PLOT-018069,0.693472567
PLOT-017976,4.393110993
PLOT-018048,2.826632083
PLOT-016172,2.102593233
PLOT-018086,0.4373901
PLOT-017599,1.064638281
PLOT-016281,1.23283037
PLOT-015425,1.56514758
PLOT-016602,0.798643823
PLOT-017224,2.380973435
PLOT-015207,4.027360023
PLOT-016333,1.900841305
PLOT-015199,2.239260733
PLOT-018659,3.877419969
PLOT-018556,2.859071006
PLOT-016938,2.714505306
PLOT-015881,3.428149377
PLOT-015143,3.040847183
PLOT-016772,1.203431159
PLOT-016580,1.978958248
PLOT-018580,2.473331948
PLOT-015249,1.545671512
PLOT-018294,2.25969522
PLOT-017392,1.951270915
PLOT-016454,3.399680908
PLOT-017424,2.892084819
PLOT-017633,0.866874778
PLOT-015417,1.867536355
PLOT-018569,2.141282689
PLOT-017722,2.368157291
PLOT-017669,2.569221196
PLOT-017245,2.919792206
PLOT-017515,1.42365222
PLOT-017357,2.066075514
PLOT-017972,1.417887709
PLOT-018230,1.296487024
PLOT-017979,1.938350622
PLOT-016128,0.805672546
PLOT-016522,1.141023846
PLOT-017495,2.132576511
PLOT-017483,1.96400037
PLOT-016485,3.141040729
PLOT-016990,5.144584109
PLOT-018043,4.9997143
PLOT-015912,3.040307853
PLOT-015326,2.614747284
PLOT-017171,0.989381795
PLOT-015083,1.96722332
PLOT-015765,2.895375931
PLOT-017422,3.650763474
PLOT-017676,2.897616646
PLOT-015102,2.128687851
PLOT-015146,1.867286861
PLOT-016133,2.41381413
PLOT-018064,3.08408705
PLOT-015394,2.647790413
PLOT-018384,5.15630529
PLOT-017217,3.718434968
PLOT-017805,2.138669521
PLOT-018557,3.041693593
PLOT-016221,2.141494578
PLOT-017317,1.828783014
PLOT-017869,3.326788153
PLOT-018682,4.772290495
PLOT-016288,2.369872243
PLOT-015321,0.777940347
PLOT-015111,2.383705901
PLOT-015588,3.168623917
PLOT-016957,3.44659573
PLOT-018219,2.710436736
PLOT-018705,1.633053414
PLOT-018074,1.738646985
PLOT-017616,1.032773563
PLOT-016478,2.819783169
PLOT-017397,3.256117468
PLOT-015136,3.892660213
PLOT-016158,3.070552363
PLOT-015653,4.828731374
PLOT-017391,2.609565977
PLOT-017431,3.782251623
PLOT-017935,4.625541357
PLOT-018019,5.210110633
PLOT-018146,3.11286522
PLOT-016047,2.79180559
PLOT-017661,4.049553607
PLOT-017547,2.717487499
PLOT-016530,3.392500926
PLOT-015930,0.694408492
PLOT-016464,1.991934362
PLOT-016875,1.681438981
PLOT-015220,2.393515115
PLOT-017136,4.113610251
PLOT-015927,2.780288568
PLOT-017463,3.501697637
PLOT-016453,3.879077262
PLOT-017540,1.510379038
PLOT-017788,2.707630159
PLOT-016945,2.024186959
PLOT-017684,5.969507735
PLOT-015533,0.910631054
PLOT-017901,4.247404526
PLOT-015606,1.340274481
PLOT-015074,5.170786883
PLOT-016764,3.41500488
PLOT-015648,2.122855285
PLOT-017653,2.093572959
PLOT-016322,1.771771311
PLOT-016576,2.458981167
PLOT-017209,1.39787138
PLOT-015113,2.46616386
PLOT-017963,1.836282265
PLOT-015986,2.539684594
PLOT-018126,2.072417105
PLOT-015747,2.767207212
PLOT-016863,1.519975012
PLOT-015222,5.234052124
PLOT-015518,2.270413466
PLOT-016348,2.529644155
PLOT-016502,1.727230088
PLOT-017666,2.531127328
PLOT-016665,4.063466458
PLOT-016555,1.769213927
PLOT-018528,3.029087031
PLOT-017725,2.94270824
PLOT-015035,2.157755101
PLOT-015830,2.394710163
PLOT-017175,2.664409646
PLOT-017631,2.228784293
PLOT-016761,2.229177784
PLOT-015347,1.022577479
PLOT-015167,0.836038542
PLOT-018253,3.843909159
PLOT-015116,2.12204678
PLOT-015530,3.602517191
PLOT-016394,1.229079167
PLOT-016028,2.42086693
PLOT-018599,2.339346328
PLOT-017445,2.396523152
PLOT-018529,3.04814916
PLOT-017872,4.223797459
PLOT-018550,1.872281639
PLOT-017659,0.867715917
PLOT-017702,2.508461958
PLOT-016779,3.018950515
PLOT-016025,2.238382725
PLOT-015081,4.278828954
PLOT-017162,3.257874998
PLOT-017030,1.154555482
PLOT-018728,1.49610231
PLOT-018180,3.722847439
PLOT-016476,3.77978349
PLOT-018197,1.178710221
PLOT-016477,0.986375389
PLOT-017510,2.948199743
PLOT-018582,2.22061269
PLOT-016886,2.160325171
PLOT-018231,2.887017469
PLOT-016629,2.515710415
PLOT-017464,4.134744157
PLOT-015040,3.325022389
PLOT-016704,3.720077527
PLOT-018308,3.813198507
PLOT-017859,2.845684428
PLOT-015311,2.709237869
PLOT-016631,2.292735269
PLOT-017218,2.445403754
PLOT-017067,2.905325237
PLOT-016426,3.664081982
PLOT-017002,1.98311659
PLOT-015357,2.224347548
PLOT-018473,1.816206887
PLOT-018372,1.627758452
PLOT-016827,1.285943401
PLOT-015128,1.773664466
PLOT-016009,4.389151484
PLOT-016813,0.794113796
PLOT-017244,3.053235739
PLOT-015657,1.418826365
PLOT-016246,3.017676675
PLOT-018472,2.043996665
PLOT-015201,2.049035041
PLOT-018543,4.54306936
PLOT-016421,2.209124897
PLOT-018190,3.003790416
PLOT-017757,2.462510238
PLOT-018545,2.352823735
PLOT-017964,0.911463904
PLOT-015593,3.727451412
PLOT-015970,3.754605645
PLOT-015202,2.261652517
PLOT-018137,1.677683233
PLOT-016974,2.364058646
PLOT-017480,1.081975282
PLOT-018524,1.100682447
PLOT-017382,2.785002614
PLOT-017252,1.508862996
PLOT-016980,1.228894846
PLOT-018427,1.694314768
PLOT-017941,4.096360285
PLOT-016187,2.363025055
PLOT-015351,2.497642729
PLOT-016755,4.221934531
PLOT-016595,1.525564832
PLOT-015042,3.290631271
PLOT-018026,2.673434168
PLOT-016273,4.761388709
PLOT-015574,1.938983943
PLOT-016920,3.761773088
PLOT-018224,2.192154957
PLOT-015856,2.896329352
PLOT-017141,3.993397996
PLOT-017047,0.966815684
PLOT-016808,0.952053221
PLOT-018125,0.695711438
PLOT-016898,4.886083416
PLOT-016846,2.814893511
PLOT-015875,3.608931197
PLOT-015103,1.438314028
PLOT-017506,2.564972787
PLOT-015604,1.767848303
PLOT-018597,1.51952823
PLOT-016233,2.540181812
PLOT-017959,6.031933896
PLOT-016433,2.142795596
PLOT-015384,2.205772229
PLOT-015893,4.076694828
PLOT-015056,3.96295425
PLOT-015711,2.050150676
PLOT-018461,1.899867583
PLOT-015355,3.045044061
PLOT-016842,2.47124901
PLOT-016018,1.679013151
PLOT-018645,1.257039632
PLOT-015307,5.443682742
PLOT-015813,1.203985681
PLOT-015041,2.083475032
PLOT-018421,3.473274682
PLOT-016405,4.982299327
PLOT-016681,4.419849212
PLOT-015882,2.59418779
PLOT-017220,0.839456244
PLOT-015698,2.168881168
PLOT-017364,2.028238057
PLOT-018233,2.233007333
PLOT-017051,4.046633232
PLOT-017378,3.007249095
PLOT-015215,2.653590084
PLOT-017146,2.81107836
PLOT-016370,2.400750319
PLOT-016566,0.698817506
PLOT-018702,2.897490129
PLOT-017360,0.88727312
PLOT-016516,1.246293309
PLOT-016766,3.138832391
PLOT-017452,1.48234291
PLOT-016037,1.939200245
PLOT-016510,2.682731943
PLOT-015411,3.397461499
PLOT-017981,1.220315735
PLOT-016301,1.42524906
PLOT-016296,2.205472996
PLOT-018498,2.237761642
PLOT-017601,3.045718273
PLOT-018566,4.074059319
PLOT-015758,2.80851096
PLOT-017212,3.035695254
PLOT-016317,2.207483219
PLOT-015073,4.535647618
PLOT-015025,2.88201144
PLOT-017208,3.087856239
PLOT-016126,4.281686472
PLOT-016139,0.940319079
PLOT-015505,1.948322732
PLOT-016560,2.25295652
PLOT-017230,3.301341162
PLOT-016120,2.380854368
PLOT-018414,0.730155537
PLOT-015586,2.039923305
PLOT-017909,3.203457373
PLOT-015611,1.836584524
PLOT-016089,2.487290778
PLOT-016535,3.045019877
PLOT-016408,3.536189074
PLOT-015348,1.40738225
PLOT-015885,2.598030799
PLOT-018644,2.6441267
PLOT-018087,2.538523181
PLOT-015782,5.525777988
PLOT-018246,2.274137937
PLOT-017458,4.006799176
PLOT-015629,2.80161022
PLOT-015408,3.119518418
PLOT-015164,2.746820176
PLOT-017957,2.113095689
PLOT-016969,2.006931205
PLOT-016649,3.619361837
PLOT-017380,3.062992692
PLOT-016087,2.793329958
PLOT-018572,1.908370281
PLOT-018101,2.151604677
PLOT-017389,3.463389788
PLOT-018709,3.913661739
PLOT-016754,0.783778477
PLOT-015294,1.677480429
PLOT-015965,4.418220372
PLOT-016822,3.383723167
PLOT-018234,2.255898634
PLOT-015528,4.560314863
PLOT-016968,2.745478035
PLOT-015027,2.448807714
PLOT-017478,5.67223908
PLOT-016673,4.471461283
PLOT-015274,4.704666168
PLOT-016072,3.472742153
PLOT-016074,3.689393995
PLOT-017356,0.856897214
PLOT-017494,2.965594766
PLOT-017405,3.757590644
PLOT-017774,3.301585726
PLOT-015585,2.144059896
PLOT-015837,2.918208682
PLOT-015710,5.499977797
PLOT-017819,1.448979448
PLOT-016250,2.272759955
PLOT-016437,2.668781605
PLOT-016553,4.273664788
PLOT-015816,3.41721852
PLOT-018694,1.081278934
PLOT-017427,7.225589611
PLOT-015957,1.587320981
PLOT-015302,3.987529484
PLOT-018289,2.604984239
PLOT-018636,2.723725624
PLOT-016063,3.02368034
PLOT-015872,2.369312669
PLOT-018271,2.590851726
PLOT-017861,2.372937275
PLOT-017936,3.602048654
PLOT-015923,2.143633027
PLOT-015059,3.657420741
PLOT-018014,4.195330262
PLOT-018420,3.595189579
PLOT-016975,2.713503534
PLOT-015023,2.037142986
PLOT-017474,1.442805481
PLOT-015683,3.137357905
PLOT-018512,4.174858082
PLOT-018483,1.900429174
PLOT-017056,1.409133726
PLOT-015228,3.844815096
PLOT-015489,2.321564745
PLOT-018201,0.829273385
PLOT-015829,1.946971404
PLOT-017784,1.937351835
PLOT-015385,5.683750924
PLOT-015015,1.989718538
PLOT-017399,2.997984236
PLOT-018541,3.49371431
PLOT-016388,2.285525394
PLOT-018041,1.174979293
PLOT-016588,1.07642596
PLOT-018445,2.532744844
PLOT-016751,2.003946422
PLOT-016150,3.439034464
PLOT-016304,4.129054356
PLOT-016231,6.423774338
PLOT-016792,2.847109075
PLOT-016269,2.916721465
PLOT-018474,1.647098597
PLOT-015497,3.702823267
PLOT-015352,2.993580891
PLOT-016838,1.032323897
PLOT-015001,3.046773857
PLOT-015285,1.639632812
PLOT-016646,2.868386469
PLOT-015783,0.857316879
PLOT-017462,1.068924621
PLOT-018321,3.669444562
PLOT-015068,2.97144713
PLOT-015403,3.454816613
PLOT-015797,1.618781173
PLOT-018725,2.806452916
PLOT-018021,2.358312553
PLOT-017023,4.113619545
PLOT-015177,1.562341361
PLOT-015953,1.850337585
PLOT-017139,3.033570586
PLOT-016200,2.759307159
PLOT-017843,2.141964863
PLOT-017300,1.514605957
PLOT-016756,2.159474299
PLOT-016577,3.711363637
PLOT-017241,2.89892407
PLOT-017852,3.031076875
PLOT-016507,2.017377047
PLOT-016497,3.588991432
PLOT-017688,5.320041687
PLOT-015538,1.296441149
PLOT-016330,1.839057352
PLOT-018207,2.786437239
PLOT-018459,5.057909522
PLOT-016488,3.824695835
PLOT-017018,2.370462114
PLOT-016744,2.782032438
PLOT-017920,1.042327803
PLOT-017408,3.103660498
PLOT-018431,1.315351745
PLOT-018563,4.254425316
PLOT-018596,6.531749946
PLOT-015948,2.496110794
PLOT-015510,2.76804896
PLOT-016393,1.434671168
PLOT-016508,5.81438052
PLOT-017398,3.737743361
PLOT-017808,3.045077299
PLOT-016331,1.918722547
PLOT-016309,5.187210185
PLOT-018002,1.305879347
PLOT-017396,1.477600073
PLOT-017420,1.65719089
PLOT-017544,3.837165574
PLOT-017354,1.325257678
PLOT-017608,2.713178321
PLOT-015663,4.84461095
PLOT-015573,2.084580095
PLOT-017896,2.420099983
PLOT-017372,3.109590282
PLOT-018265,2.18238724
PLOT-018151,2.872907213
PLOT-017485,5.605645907
PLOT-017187,2.407460783
PLOT-017584,3.952960068
PLOT-017045,3.593157063
PLOT-015282,4.244794226
PLOT-015258,2.872105864
PLOT-016811,2.161263734
PLOT-016797,2.343834876
PLOT-017604,4.086315798
PLOT-015725,3.725540498
PLOT-016636,2.095952341
PLOT-015677,1.863658421
PLOT-017489,2.639560296
PLOT-016152,4.225744657
PLOT-016346,4.692441613
PLOT-015055,3.182610825
PLOT-017773,2.181195598
PLOT-016411,2.588910851
PLOT-017755,1.397317629
PLOT-017214,3.021584982
PLOT-018583,2.672261969
PLOT-016361,2.831526072
PLOT-015888,2.183609883
PLOT-018001,4.242128619
PLOT-016819,3.334892892
PLOT-016972,0.902637451
PLOT-015714,3.323399084
PLOT-018405,1.960445961
PLOT-016056,4.092316639
PLOT-017286,2.369050639
PLOT-017207,0.990970467
PLOT-015617,1.008381085
PLOT-015123,3.387016066
PLOT-018205,3.336813896
PLOT-015334,3.199629443
PLOT-017816,4.015270088
PLOT-015304,4.775550262
PLOT-015980,2.768791765
PLOT-018329,2.098583441
PLOT-015581,3.418298117
PLOT-016616,3.445575237
PLOT-016194,1.722360087
PLOT-016824,1.133602075
PLOT-016879,2.635415108
PLOT-016981,3.642700583
PLOT-016861,1.564584403
PLOT-016350,0.838950776
PLOT-015409,2.986014471
PLOT-015675,1.249486298
PLOT-015297,2.394964461
PLOT-015925,0.185271977
PLOT-015022,2.921882641
PLOT-018000,5.842947868
PLOT-017479,3.589478741
PLOT-015728,5.047590002
PLOT-016307,2.543107059
PLOT-015671,1.972197787
PLOT-016672,3.235011836
PLOT-016199,1.988110764
PLOT-018717,4.37373244
PLOT-018652,3.406751065
PLOT-015293,4.059920064
PLOT-018730,0.722899155
PLOT-015126,2.991954545
PLOT-017247,3.542826828
PLOT-017578,0.855347632
PLOT-017467,2.315975995
PLOT-015692,2.713880111
PLOT-015686,2.656578784
PLOT-015817,3.362634672
PLOT-015216,3.32924352
PLOT-015152,5.018943805
PLOT-017999,3.56118799
PLOT-016992,3.007008758
PLOT-017605,3.609382545
PLOT-017008,2.352136198
PLOT-015478,3.856065208
PLOT-016282,2.464299438
PLOT-016604,4.418996082
PLOT-017518,1.661119285
PLOT-016666,2.821839679
PLOT-017962,4.484472176
PLOT-015812,2.439781255
PLOT-015250,1.963046019
PLOT-015843,2.882940187
PLOT-017125,2.042206981
PLOT-017857,2.215418835
PLOT-018640,3.057554793
PLOT-015967,1.709429461
PLOT-017885,2.805089236
PLOT-015972,2.242473615
PLOT-016896,1.792670065
PLOT-017235,0.699474024
PLOT-015246,2.74580764
PLOT-017203,2.097145419
PLOT-018641,2.186856752
PLOT-018307,1.980510071
PLOT-018379,2.859595661
PLOT-017331,4.027625782
PLOT-018744,0.106019895
PLOT-017585,4.281910896
PLOT-018272,2.028621055
PLOT-016505,1.746910401
PLOT-016345,4.531822905
PLOT-018091,0.96545004
PLOT-015975,3.097013419
PLOT-017686,1.970929164
PLOT-016645,3.054601961
PLOT-016679,2.489049105
PLOT-017697,2.696310613
PLOT-015122,1.60190256
PLOT-016534,4.397556243
PLOT-018044,0.52024574
PLOT-018169,2.65850514
PLOT-017967,4.426538245
PLOT-017100,3.630268118
PLOT-015869,3.684214049
PLOT-018646,2.010043586
PLOT-016030,5.135508723
PLOT-015756,4.36778307
PLOT-016998,3.05524774
PLOT-016156,1.346303988
PLOT-017115,3.360955645
PLOT-017817,2.980275658
PLOT-015332,3.139937775
PLOT-016592,2.637451223
PLOT-017384,3.120386374
PLOT-016575,2.885314063
PLOT-017683,2.467448228
PLOT-015472,1.858861983
PLOT-015901,2.675569468
PLOT-015865,2.537059409
PLOT-016329,4.925094317
PLOT-016342,3.89116155
PLOT-015741,2.347348881
PLOT-018478,1.939655393
PLOT-018291,3.10560951
PLOT-017180,2.481164208
PLOT-018484,4.605677269
PLOT-017562,1.39427055
PLOT-016628,3.752340828
PLOT-017806,3.499971834
PLOT-017438,5.092757958
PLOT-016149,2.950332048
PLOT-018045,1.6128327
PLOT-018164,3.26064658
PLOT-015256,4.493504689
PLOT-015633,3.126176113
PLOT-017337,1.53993118
PLOT-018009,1.800356912
PLOT-015777,4.174684357
PLOT-017953,0.889802057
PLOT-017101,1.822664385
PLOT-015557,0.889350476
PLOT-018481,3.594840304
PLOT-016985,2.190966766
PLOT-017088,3.390365547
PLOT-015261,2.581878765
PLOT-017131,2.386812648
PLOT-018011,4.009859768
PLOT-018040,3.586074772
PLOT-016889,2.980496698
PLOT-017532,4.62995
PLOT-017078,2.021712497
PLOT-018034,4.66783883
PLOT-018436,1.357543978
PLOT-015208,3.695963132
PLOT-018349,1.364118707
PLOT-016913,2.769991516
PLOT-016606,3.370032241
PLOT-016020,1.144685621
PLOT-018348,3.341456717
PLOT-016403,3.496130318
PLOT-017555,5.943493736
PLOT-017096,1.266194746
PLOT-015209,1.091223123
PLOT-015153,2.28174022
PLOT-017881,2.498147316
PLOT-016590,2.6615229
PLOT-017442,3.284946979
PLOT-016147,3.361766563
PLOT-016967,2.427576609
PLOT-017316,1.136359809
PLOT-017433,1.855460534
PLOT-016633,2.046836693
PLOT-017089,3.494556301
PLOT-015597,3.698828774
PLOT-016931,4.664216714
PLOT-016656,2.894153837
PLOT-015680,2.00101807
PLOT-016565,2.324305705
PLOT-018275,2.957149797
PLOT-016328,2.87515871
PLOT-017087,2.511066011
PLOT-017753,2.790624531
PLOT-016518,3.227517499
PLOT-017287,2.14590306
PLOT-018713,4.06534832
PLOT-015221,3.851221121
PLOT-015225,1.680454405
PLOT-018577,4.011438409
PLOT-018166,4.896395164
PLOT-017517,3.422057589
PLOT-017642,2.117209926
PLOT-017393,3.419737661
PLOT-016760,3.20572612
PLOT-016360,2.123356432
PLOT-017324,2.352450467
PLOT-018155,5.17498129
PLOT-017802,2.909799869
PLOT-016492,5.168014064
PLOT-017744,1.571933485
PLOT-017763,0.961447153
PLOT-017009,3.6437943
PLOT-015205,2.951523097
PLOT-016027,2.019599482
PLOT-018540,3.463843394
PLOT-017596,1.428180628
PLOT-016046,3.236981553
PLOT-015693,3.939914886
PLOT-017956,3.83356035
PLOT-018549,1.348697713
PLOT-016186,3.615048502
PLOT-016369,2.865443573
PLOT-016907,2.904480693
PLOT-017726,1.050514578
PLOT-015016,1.676394632
PLOT-017514,1.477024682
PLOT-017205,2.253729101
PLOT-018729,2.147456745
PLOT-016676,1.14202535
PLOT-016184,4.909734541
PLOT-017353,2.262448508
PLOT-015656,2.502299512
PLOT-016571,2.592719735
PLOT-016737,3.995933074
PLOT-016419,2.018856574
PLOT-015399,2.676448865
PLOT-015618,3.287700486
PLOT-015508,0.706567164
PLOT-018106,4.322209152
PLOT-018437,3.020703627
PLOT-017960,3.734793622
PLOT-015867,5.132303822
PLOT-017507,2.666361318
PLOT-015886,2.555290107
PLOT-017110,3.057094336
PLOT-015599,5.166038197
PLOT-017658,3.927355479
PLOT-015457,1.712019874
PLOT-017618,1.56763856
PLOT-016117,2.791033446
PLOT-015870,4.041929404
PLOT-015790,2.573782714
PLOT-017260,2.704551843
PLOT-015954,1.400654884
PLOT-015650,4.723224633
PLOT-015733,2.387927897
PLOT-018533,3.523598675
PLOT-015379,1.57906439
PLOT-017612,1.678213878
PLOT-018030,2.754776536
PLOT-015956,2.942662059
PLOT-015171,2.083463532
PLOT-016944,2.955296053
PLOT-017279,2.89504309
PLOT-015659,3.161868038
PLOT-017430,3.239601107
PLOT-017528,0.775124825
PLOT-017120,2.114519126
PLOT-016094,1.481161511
PLOT-018068,3.346505289
PLOT-018707,2.048587622
PLOT-017219,2.623864372
PLOT-015642,1.95744543
PLOT-015168,2.397281352
PLOT-016517,3.294014153
PLOT-016800,3.798135327
PLOT-017682,2.525805883
PLOT-016917,2.807822209
PLOT-015272,5.04965981
PLOT-016215,3.59072377
PLOT-017468,2.75064024
PLOT-016118,2.665616263
PLOT-018098,5.673807757
PLOT-018350,2.294791067
PLOT-016066,3.118437339
PLOT-017104,2.857529192
PLOT-017792,4.136990208
PLOT-017877,1.957261734
PLOT-016912,2.656786717
PLOT-015038,3.605827392
PLOT-015306,3.784329152
PLOT-015006,1.963932496
PLOT-017456,3.237813226
PLOT-015781,3.046389341
PLOT-016190,1.780846486
PLOT-015534,2.311057818
PLOT-015583,3.574983909
PLOT-017980,2.154096812
PLOT-018671,2.8144243
PLOT-018168,4.564603327
PLOT-018440,5.421352313
PLOT-017750,3.729944017
PLOT-015316,4.431253482
PLOT-017197,3.565789049
PLOT-017414,1.153492147
PLOT-017564,4.039296656
PLOT-016794,2.064372387
PLOT-017581,3.155483681
PLOT-017708,4.1171721
PLOT-015271,2.757194358
PLOT-015548,2.532810669
PLOT-016692,4.669652603
PLOT-016719,2.828794397
PLOT-018451,2.080059966
PLOT-018464,1.967766024
PLOT-017390,5.466337264
PLOT-015598,2.083149918
PLOT-016689,2.853116542
PLOT-015894,3.1831197
PLOT-018733,2.153769038
PLOT-016775,5.801600612
PLOT-015570,1.17961316
PLOT-016999,0.936896596
PLOT-017122,0.918239541
PLOT-015061,2.19713724
PLOT-016247,2.347754436
PLOT-018748,5.655865233
PLOT-016259,2.631960742
PLOT-015809,2.091342767
PLOT-017292,3.63189994
PLOT-016049,0.857304701
PLOT-018454,2.725465721
PLOT-015107,3.260458223
PLOT-017153,3.93497687
PLOT-015673,2.087285215
PLOT-017690,1.313245542
PLOT-017995,3.834191451
PLOT-015665,3.855292292
PLOT-015509,2.947271743
PLOT-017179,2.887580173
PLOT-016640,1.12806548
PLOT-017492,2.107876229
PLOT-018303,2.854148366
PLOT-016532,3.157643107
PLOT-015866,3.268933553
PLOT-016855,5.454894495
PLOT-016736,1.133356464
PLOT-016060,3.824575424
PLOT-018536,4.234482504
PLOT-017105,3.070861544
PLOT-018419,0.850278008
PLOT-016973,1.099296231
PLOT-015589,1.981576681
PLOT-017996,5.624110054
PLOT-018263,2.954853386
PLOT-015086,5.103974859
PLOT-018615,0.758032175
PLOT-015771,3.071314396
PLOT-017954,4.22310233
PLOT-016249,3.021065111
PLOT-015708,5.054834582
PLOT-017472,3.830199443
PLOT-017985,2.209059971
PLOT-018316,1.089621226
PLOT-017586,1.989495623
PLOT-016860,1.812341616
PLOT-018181,3.087265477
PLOT-017128,2.313575392
PLOT-018305,1.996087303
PLOT-018177,2.288228643
PLOT-015418,2.325323105
PLOT-016461,2.30054807
PLOT-016484,2.373821613
PLOT-018609,5.33498465
PLOT-018465,2.65658591
PLOT-018600,2.816972703
PLOT-015851,4.048769031
PLOT-016004,4.19664539
PLOT-016996,2.741072742
PLOT-016834,3.381162371
PLOT-017947,2.629898786
PLOT-015436,1.972501483
PLOT-016316,4.611493675
PLOT-016623,3.515655834
PLOT-016480,3.609359827
PLOT-016648,2.29548085
PLOT-016003,2.998707107
PLOT-016278,2.126135212
PLOT-016823,2.827911925
PLOT-018029,3.541985714
PLOT-018602,0.940286448
PLOT-016836,1.701831738
PLOT-018554,4.20853731
PLOT-017352,2.304784208
PLOT-017282,1.905581141
PLOT-016546,2.239659491
PLOT-015335,3.217587726
PLOT-017617,4.050444981
PLOT-015088,2.103857269
PLOT-015874,2.111165453
PLOT-018285,6.271122972
PLOT-015543,2.395386459
PLOT-016241,2.344696623
PLOT-017760,4.462949185
PLOT-016880,4.413124856
PLOT-018611,5.037975704
PLOT-018111,2.940630788
PLOT-017269,2.638066371
PLOT-015319,2.92718946
PLOT-015519,0.880307063
PLOT-017903,1.567676705
PLOT-015878,1.87884518
PLOT-018561,2.591401466
PLOT-015825,2.624787783
PLOT-016290,1.000042295
PLOT-018210,2.808207196
PLOT-018333,1.089158391
PLOT-015138,3.02847191
PLOT-015163,5.041732935
PLOT-016618,2.356779351
PLOT-018539,6.075248087
PLOT-016791,2.025164725
PLOT-016045,1.573701553
PLOT-015960,2.233307806
PLOT-016750,3.353317929
PLOT-018212,1.80226739
PLOT-017830,2.422766809
PLOT-016504,4.130168514
PLOT-017889,2.323053446
PLOT-018692,2.182364466
PLOT-016059,1.713502502
PLOT-017681,4.218538683
PLOT-018409,0.899448682
PLOT-015655,2.105946757
PLOT-017064,0.497688428
PLOT-018603,4.377077159
PLOT-015137,0.913904943
PLOT-017946,1.400817354
PLOT-016976,1.03690479
PLOT-016581,1.970278579
PLOT-015697,3.78076861
PLOT-016097,3.284197567
PLOT-017836,2.204110792
PLOT-018268,0.990217047
PLOT-017453,3.732232923
PLOT-017496,2.950042273
PLOT-016392,2.5029696
PLOT-018655,3.497545031
PLOT-016266,1.370461814
PLOT-017375,2.632269389
PLOT-017365,1.907126963
PLOT-015135,1.357384891
PLOT-016169,1.767445769
PLOT-017574,2.748152191
PLOT-017135,3.654846694
PLOT-016503,1.957443277
PLOT-016362,2.436506795
PLOT-017998,2.131828102
PLOT-015148,4.740498946
PLOT-015303,3.049236626
PLOT-016017,0.754408757
PLOT-016924,1.318681009
PLOT-016052,4.778131932
PLOT-018423,2.184953955
PLOT-017413,4.101442248
PLOT-017637,3.003808328
PLOT-018262,1.954165787
PLOT-016904,3.024035815
PLOT-018254,2.71266172
PLOT-015198,3.310402386
PLOT-016768,3.189795527
PLOT-017240,2.729762835
PLOT-015404,2.734014068
PLOT-018328,2.468402274
PLOT-018743,2.676771351
PLOT-015483,2.389802176
PLOT-016182,1.893863212
PLOT-016339,3.160414953
PLOT-016280,3.079124953
PLOT-016031,3.226578997
PLOT-015791,4.203610519
PLOT-015799,4.966340407
PLOT-017432,2.28425315
PLOT-017798,2.30766986
PLOT-016201,4.53026871
PLOT-015422,4.297244388
PLOT-017362,1.524628547
PLOT-018716,5.800353981
PLOT-016883,3.750167813
PLOT-018684,0.196116582
PLOT-016479,4.006175738
PLOT-017591,2.131395681
PLOT-016928,0.986346299
PLOT-017710,2.320443015
PLOT-018147,3.260295392
PLOT-016529,4.370269333
PLOT-015902,2.245009592
PLOT-017809,3.412747338
PLOT-015685,5.164218606
PLOT-016551,3.775985826
PLOT-018438,0.832100251
PLOT-015159,1.120794462
PLOT-015999,1.373270296
PLOT-018056,2.90208991
PLOT-018535,3.170883262
PLOT-017250,4.872452823
PLOT-017689,1.534330944
PLOT-015112,0.623162159
PLOT-018567,2.73320651
PLOT-016446,2.119144534
PLOT-016952,3.353646446
PLOT-015922,3.63056353
PLOT-016624,6.322937601
PLOT-018228,0.957432315
PLOT-017853,2.68227202
PLOT-016319,1.744834099
PLOT-016663,3.038719831
PLOT-015815,2.89063017
PLOT-018095,1.400422161
PLOT-017266,2.328819814
PLOT-016473,2.742812538
PLOT-016773,2.230609888
PLOT-015679,2.145644905
PLOT-018199,1.374869647
PLOT-016093,3.26508057
PLOT-015080,0.713878154
PLOT-016950,1.174998661
PLOT-018519,1.762358251
PLOT-018075,0.914149997
PLOT-018280,4.11034183
PLOT-017800,1.807291398
PLOT-016239,4.038477128
PLOT-015329,2.774360889
PLOT-015242,2.83304589
PLOT-018073,3.680047324
PLOT-015641,0.903175627
PLOT-015696,4.267764918
PLOT-017257,0.958735386
PLOT-017818,2.717596414
PLOT-015753,2.649783474
PLOT-015435,2.023985385
PLOT-016563,2.157216883
PLOT-016934,1.38994691
PLOT-018457,3.183459834
PLOT-016712,3.024738322
PLOT-015551,1.470211155
PLOT-018127,2.732719323
PLOT-018255,4.942757028
PLOT-015601,2.036326835
PLOT-016964,1.324729665
PLOT-016013,1.522087403
PLOT-018204,3.970120396
PLOT-016427,1.708759813
PLOT-017012,2.255471932
PLOT-016386,4.77394061
PLOT-016295,4.490363725
PLOT-015466,4.024856556
PLOT-016499,4.510970433
PLOT-018218,1.302324121
PLOT-018670,4.451920007
PLOT-015277,2.241624938
PLOT-016069,2.132314567
PLOT-016548,1.123434405
PLOT-016024,1.421099663
PLOT-016465,3.403172187
PLOT-017770,1.789414861
PLOT-015940,1.822570269
PLOT-017834,4.786210213
PLOT-018297,1.056744617
PLOT-016466,2.245197009
PLOT-016323,2.382874974
PLOT-017675,2.483314936
PLOT-016399,5.527877362
PLOT-018099,3.944259429
PLOT-016449,1.598199907
PLOT-015906,3.471704208
PLOT-018352,1.57265802
PLOT-017611,3.187262935
PLOT-016895,3.827225534
PLOT-015388,3.697407949
PLOT-017070,3.479511705
PLOT-017943,3.000710529
PLOT-017172,2.97635792
PLOT-017968,3.97695138
PLOT-017821,3.451140381
PLOT-015880,2.16913102
PLOT-018425,1.355537497
PLOT-015050,3.716240001
PLOT-016887,1.233509262
PLOT-016702,1.666791258
PLOT-018359,3.727084224
PLOT-015133,1.722730343
PLOT-016105,3.000539413
PLOT-015703,2.513679794
PLOT-015482,5.286192384
PLOT-016145,3.334755419
PLOT-017038,4.909555166
PLOT-018673,1.296766145
PLOT-015066,2.288849755
PLOT-018479,1.464767758
PLOT-017781,3.30942655
PLOT-017313,1.933608127
PLOT-017849,1.632152299
PLOT-018351,5.273603631
PLOT-015907,3.308073145
PLOT-015031,3.762487819
PLOT-017465,2.006319915
PLOT-017929,3.533794301
PLOT-017680,6.610201735
PLOT-018551,3.28815808
PLOT-015010,1.758871142
PLOT-015064,1.044620082
PLOT-015776,4.014309901
PLOT-015077,3.617242492
PLOT-015491,2.499209843
PLOT-018145,1.014152205
PLOT-018273,4.057558292
PLOT-017580,5.68534781
PLOT-017113,3.167942839
PLOT-018453,0.759021041
PLOT-017344,3.98710043
PLOT-015591,1.268831909
PLOT-017815,1.295255881
PLOT-016285,1.001869681
PLOT-018269,4.01608555
PLOT-015724,3.618600149
PLOT-017674,3.825370845
PLOT-018142,4.231721825
PLOT-018708,1.061443793
PLOT-016212,2.128540959
PLOT-018643,3.587859886
PLOT-017299,3.284121418
PLOT-018223,1.802367797
PLOT-016637,2.526597953
PLOT-018581,3.747192439
PLOT-018574,4.968159219
PLOT-018665,4.464324558
PLOT-015982,1.940499833
PLOT-015706,1.802451524
PLOT-017535,3.286281899
PLOT-016687,0.506638084
PLOT-018388,4.528463745
PLOT-015273,1.381735636
PLOT-016709,3.415294321
PLOT-018249,3.297426618
PLOT-018429,5.838065169
PLOT-015963,2.129607056
PLOT-017925,1.548213511
PLOT-018136,2.311401247
PLOT-018573,0.541918876
PLOT-018706,1.247632908
PLOT-017459,2.422847186
PLOT-018327,2.631160749
PLOT-018192,4.299206398
PLOT-016452,2.861266096
PLOT-017715,0.480656189
PLOT-015149,2.623477335
PLOT-017692,2.153127558
PLOT-017767,2.437883117
PLOT-016757,4.179404933
PLOT-015218,3.245697119
PLOT-015239,2.286644989
PLOT-016131,3.229153249
PLOT-018390,3.365539429
PLOT-017840,3.638855565
PLOT-017239,4.183817331
PLOT-017381,2.112427499
PLOT-016253,2.572953242
PLOT-016053,3.076584619
PLOT-018010,2.778455773
PLOT-016668,2.963158981
PLOT-018178,2.389941202
PLOT-018712,2.184121295
PLOT-016357,3.275960223
PLOT-015775,3.140010157
PLOT-017630,2.125326566
PLOT-017832,2.738829723
PLOT-018274,2.373148678
PLOT-015839,3.333382631
PLOT-015627,1.960168686
PLOT-015323,1.48161103
PLOT-018402,1.960450107
PLOT-018675,1.149328028
PLOT-016867,3.506010768
PLOT-016160,2.488479186
PLOT-017826,1.824191389
PLOT-016076,1.912108299
PLOT-017987,1.000276007
PLOT-015437,3.248340581
PLOT-015119,4.04787583
PLOT-018306,2.794396558
PLOT-018089,2.288129465
PLOT-018314,3.217245868
PLOT-016814,3.403290917
PLOT-016839,3.553882587
PLOT-016026,2.565253101
PLOT-015076,2.097764237
PLOT-015900,1.450138241
PLOT-015371,3.578089918
PLOT-016204,3.638811728
PLOT-018186,2.545890734
PLOT-018736,5.272357265
PLOT-015941,3.515844003
PLOT-017625,3.645125153
PLOT-017867,1.617388958
PLOT-015552,1.444075516
PLOT-015406,3.830237086
PLOT-017117,2.213434702
PLOT-016613,2.537425904
PLOT-017934,1.055362618
PLOT-015968,2.13327317
PLOT-017833,3.488533969
PLOT-018293,1.342053549
PLOT-018367,3.700195309
PLOT-017349,1.867333223
PLOT-016746,3.600256641
PLOT-015689,2.32974467
PLOT-017860,2.46423501
PLOT-016738,2.372855766
PLOT-015236,4.894771669
PLOT-018592,7.177187997
PLOT-016986,2.577363423
PLOT-016983,2.894554436
PLOT-017842,3.07118233
PLOT-015499,1.429356662
PLOT-015822,0.871762495
PLOT-015794,3.123656547
PLOT-018278,2.762158056
PLOT-015990,1.677793342
PLOT-015567,2.747347115
PLOT-017982,2.618760948
PLOT-017435,2.815861778
PLOT-015390,2.954138037
PLOT-015743,4.589126911
PLOT-017400,2.449469732
PLOT-016217,4.466855844
PLOT-015235,3.201236507
PLOT-018467,5.372279628
PLOT-015480,3.532114106
PLOT-017042,1.170625935
PLOT-017615,2.177097202
PLOT-016677,1.106775424
PLOT-018442,1.44530022
PLOT-018626,2.468295388
PLOT-018241,0.589405282
PLOT-018318,2.53093802
PLOT-015120,1.203951364
PLOT-018487,3.987453066
PLOT-018072,2.446677444
PLOT-016272,3.507085732
PLOT-015926,6.085857205
PLOT-017563,4.322868611
PLOT-016594,2.277427698
PLOT-015223,3.426776501
PLOT-015766,5.872931412
PLOT-015613,1.04370657
PLOT-017891,3.756458001
PLOT-016245,3.908500938
PLOT-016540,0.970330813
PLOT-015052,0.791882198
PLOT-015529,3.838488265
PLOT-017533,2.937070297
PLOT-016899,2.214377643
PLOT-018677,2.859855436
PLOT-015818,2.119760848
PLOT-015155,3.134374176
PLOT-017648,1.410867072
PLOT-018612,2.908036082
PLOT-015248,3.917679812
PLOT-015761,1.381728087
PLOT-016894,3.983757505
PLOT-017029,3.400324377
PLOT-018589,3.274913912
PLOT-016130,1.891444869
PLOT-015542,2.758097939
PLOT-015793,3.198247535
PLOT-016725,2.154941863
PLOT-018200,3.066927419
PLOT-015628,2.003478652
PLOT-017198,5.473733977
PLOT-018401,5.225500173
PLOT-017339,3.148947391
PLOT-017429,2.858850489
PLOT-018579,1.82289798
PLOT-017734,5.187927007
PLOT-016367,4.646946096
PLOT-016620,3.341997818
PLOT-017945,3.499438215
PLOT-018500,2.729821126
PLOT-017902,5.295983482
PLOT-016071,4.761083721
PLOT-015554,3.225766553
PLOT-016828,3.711838527
PLOT-015826,4.021756569
PLOT-016984,3.044450062
PLOT-018450,1.519624677
PLOT-016837,4.194003905
PLOT-017939,6.976560682
PLOT-015535,4.506928594
PLOT-018361,1.623249918
PLOT-017663,5.285636467
PLOT-015154,3.267831803
PLOT-018238,3.487112298
PLOT-018149,2.110525427
PLOT-017952,4.168039981
PLOT-018538,3.500862276
PLOT-015322,4.650276512
PLOT-016710,2.580911276
PLOT-015014,3.717708862
PLOT-016798,1.755539326
PLOT-018542,2.976191487
PLOT-015082,4.116485046
PLOT-017560,2.087854011
PLOT-016943,2.034173737
PLOT-016988,1.589976585
PLOT-017672,4.473084727
PLOT-016383,3.676786459
PLOT-016574,4.147002894
PLOT-017977,3.219545708
PLOT-018392,2.230606516
PLOT-017058,2.477717704
PLOT-018617,2.303199642
PLOT-016494,2.230183034
PLOT-015831,3.817657657
PLOT-017080,1.757972122
PLOT-016174,5.029175162
PLOT-015413,3.310942495
PLOT-017628,6.073327092
PLOT-016817,3.529615473
PLOT-015165,2.844841098
PLOT-018236,0.866219878
PLOT-018667,4.611934666
PLOT-015614,3.70006254
PLOT-018093,2.70457699
PLOT-016014,2.93252772
PLOT-017137,2.732561818
PLOT-018462,2.634024807
PLOT-018452,0.774536984
PLOT-017649,2.450888839
PLOT-016237,1.076464884
PLOT-017181,1.995570449
PLOT-015555,2.661918483
PLOT-018079,1.326539944
PLOT-018320,4.033084733
PLOT-017368,2.88618495
PLOT-018530,0.557128197
PLOT-016211,2.844095779
PLOT-018499,0.944117034
PLOT-015634,4.47240461
PLOT-017600,2.828632343
PLOT-016055,3.435392421
PLOT-017340,3.973894177
PLOT-016708,2.730101695
PLOT-015796,2.401845774
PLOT-017990,5.39728434
PLOT-018471,1.910981178
PLOT-015174,0.912412828
PLOT-017814,2.280913309
PLOT-015245,3.262387813
PLOT-016080,3.102572287
PLOT-016654,4.070300036
PLOT-018711,3.021311835
PLOT-015144,3.790533326
PLOT-015145,4.692945116
PLOT-015090,1.302538933
PLOT-015682,1.163349727
PLOT-015310,1.775404222
PLOT-015093,1.482216168
PLOT-018322,1.848059617
PLOT-016956,2.572003782
PLOT-015924,5.911195873
PLOT-018448,3.923645084
PLOT-016909,1.50784721
PLOT-016035,7.669325028
PLOT-016400,1.784244017
PLOT-017291,3.580627189
PLOT-016500,2.877546587
PLOT-018159,2.497290195
PLOT-017262,3.278347763
PLOT-016468,0.86777311
PLOT-015998,1.839331391
PLOT-015853,3.638813272
PLOT-017473,0.982233136
PLOT-017204,6.609890746
PLOT-016142,2.149835418
PLOT-016143,2.686271041
PLOT-017274,0.414135982
PLOT-017944,3.812291951
PLOT-017048,3.574920834
PLOT-015401,2.397774099
PLOT-016103,2.97471801
PLOT-015084,5.279216327
PLOT-017210,2.004165258
PLOT-018620,1.151287184
PLOT-015114,2.579170191
PLOT-017718,2.60489492
PLOT-018222,1.878638863
PLOT-018276,5.636388545
PLOT-016585,3.48318679
PLOT-016567,2.022813998
PLOT-017937,2.755839074
PLOT-016501,2.078159137
PLOT-016660,4.047961731
PLOT-016556,2.505653409
PLOT-017007,0.980069655
PLOT-015625,3.346475518
PLOT-016885,1.195935225
PLOT-018722,4.540508957
PLOT-016866,3.728797218
PLOT-015952,3.912436301
PLOT-017855,3.877856439
PLOT-017306,1.022776022
PLOT-015624,1.702827276
PLOT-017874,2.669522848
PLOT-015234,4.378030461
PLOT-017183,2.384778295
PLOT-017664,4.374759238
PLOT-018267,2.450119762
PLOT-017884,3.236880308
PLOT-017890,1.974670887
PLOT-017034,1.118286904
PLOT-018007,3.216130514
PLOT-016826,4.251144114
PLOT-018571,2.048010953
PLOT-017640,3.026010944
PLOT-016314,0.965362574
PLOT-016525,4.190278785
PLOT-016562,2.66587504
PLOT-016752,2.164045167
PLOT-016605,5.536141653
PLOT-015343,2.070451715
PLOT-018726,1.707263783
PLOT-017341,2.075417838
PLOT-017412,4.413525165
PLOT-017226,1.76606075
PLOT-017707,4.724510357
PLOT-015996,3.010406185
PLOT-017062,2.485888246
PLOT-016110,1.322660283
PLOT-017213,1.93618553
PLOT-018203,0.648879469
PLOT-016359,2.124857043
PLOT-017107,1.821195478
PLOT-015709,4.323027382
PLOT-016878,1.309011999
PLOT-017724,4.6102039
PLOT-016378,3.309356443
PLOT-017828,2.554370917
PLOT-015424,3.051249329
PLOT-015292,4.195350315
PLOT-016065,4.8977031
PLOT-017921,6.067916224
PLOT-017377,2.36704201
PLOT-016638,2.810388651
PLOT-017477,2.586884531
PLOT-016012,2.042752912
PLOT-017127,2.701527343
PLOT-016717,2.652029171
PLOT-018100,4.696570906
PLOT-015937,2.101174926
PLOT-015834,1.404342447
PLOT-017797,1.626959585
PLOT-017938,2.645758679
PLOT-015254,2.972491463
PLOT-018495,3.355934514
PLOT-016482,3.388434342
PLOT-018721,2.297838395
PLOT-016407,2.030331125
PLOT-018156,2.894875065
PLOT-018649,2.229345056
PLOT-017184,2.440840236
PLOT-018183,2.812000494
PLOT-018266,1.705496079
PLOT-017900,2.152550775
PLOT-018250,3.791616891
PLOT-015723,5.076711855
PLOT-017907,2.537750059
PLOT-015969,4.605372745
PLOT-015496,1.639750189
PLOT-015950,1.536661244
PLOT-015805,1.7716021
PLOT-016829,2.487011289
PLOT-017177,0.629069652
PLOT-016739,2.442204368
PLOT-015337,1.440291246
PLOT-015730,2.392093021
PLOT-015608,0.378164311
PLOT-016148,3.56010977
PLOT-017243,0.681116706
PLOT-018298,0.852190975
PLOT-016713,3.824700555
PLOT-018340,0.728864401
PLOT-018738,2.601689326
PLOT-015909,2.648878739
PLOT-017632,3.382416904
PLOT-017151,2.310817481
PLOT-017010,2.403576216
PLOT-017491,3.11837478
PLOT-018631,2.801641817
PLOT-016810,3.382495829
PLOT-016994,1.202765623
PLOT-015719,2.658568968
PLOT-017932,1.769907686
PLOT-017824,0.97415175
PLOT-016569,2.212525546
PLOT-017897,2.177167135
PLOT-017942,0.843584086
PLOT-017275,2.651956486
PLOT-015434,1.772766508
PLOT-016299,1.886925916
PLOT-017174,3.144688388
PLOT-015405,1.996108172
PLOT-017823,2.809776118
PLOT-015821,3.516730583
PLOT-017759,1.427118164
PLOT-016789,1.809158957
PLOT-018674,4.398793815
PLOT-018108,2.936503372
PLOT-018211,4.500379093
PLOT-017351,1.928189168
PLOT-017315,1.797906309
PLOT-016858,5.210520437
PLOT-016557,2.017477336
PLOT-015545,2.707944799
PLOT-015212,2.623048676
PLOT-015896,3.9186098
PLOT-018270,2.102641976
PLOT-016941,2.530322794
PLOT-016891,3.378051844
PLOT-015916,3.211755233
PLOT-017723,2.45407022
PLOT-016289,1.104251535
PLOT-015814,5.180821496
PLOT-016265,1.269756355
PLOT-015342,1.420328664
PLOT-017597,2.731500325
PLOT-016410,2.980183522
PLOT-016214,3.059522582
PLOT-015966,4.531184551
PLOT-016230,3.477565835
PLOT-017343,2.254453619
PLOT-015695,3.038171047
PLOT-017121,2.712955772
PLOT-015605,3.318284835
PLOT-015104,2.891431614
PLOT-015645,2.234982741
PLOT-016404,2.67443074
PLOT-015494,2.510616111
PLOT-018088,2.185158228
PLOT-017487,2.997368452
PLOT-016019,3.930227169
PLOT-015091,4.742186946
PLOT-016112,2.737438655
PLOT-018741,3.913547449
PLOT-015908,2.144207943
PLOT-016474,3.307180012
PLOT-016741,3.178711095
PLOT-017150,1.928031679
PLOT-015238,2.819651943
PLOT-018466,2.828199143
PLOT-015942,2.598125753
PLOT-016270,2.516375423
PLOT-015938,1.976605146
PLOT-016424,4.986374876
PLOT-018229,0.802066119
PLOT-016862,2.040639692
PLOT-016669,2.129902504
PLOT-015005,1.749456884
PLOT-015247,3.355060716
PLOT-018013,4.04825318
PLOT-015018,1.739922239
PLOT-017169,2.247526535
PLOT-016970,3.413163101
PLOT-017709,2.043808703
PLOT-017232,3.465348445
PLOT-017322,1.197781037
PLOT-017481,4.715546621
PLOT-015811,2.074856286
PLOT-016300,1.598521426
PLOT-016335,1.559730149
PLOT-018632,3.649242594
PLOT-015260,3.488844714
PLOT-016804,3.213699406
PLOT-016570,3.558143221
PLOT-017229,4.062008369
PLOT-015184,0.99951918
PLOT-017454,3.344141706
PLOT-016743,2.692201911
PLOT-017913,2.831902666
PLOT-016630,3.294856136
PLOT-016716,0.97760662
PLOT-015520,1.052492948
PLOT-018051,2.974401539
PLOT-017428,2.950213873
PLOT-017016,5.000165552
PLOT-016658,3.204746815
PLOT-018441,3.938327732
PLOT-016612,2.190485287
PLOT-017475,1.88406624
PLOT-017126,4.013527866
PLOT-018057,0.955281646
PLOT-018734,2.831272025
PLOT-015607,7.312692907
PLOT-015230,3.562106713
PLOT-018140,1.266178648
PLOT-015331,2.141006948
PLOT-018105,1.351847961
PLOT-016440,2.23270629
PLOT-016927,1.891658371
PLOT-016091,1.468611281
PLOT-016101,4.358912393
PLOT-016129,3.503600144
PLOT-018283,2.054271018
PLOT-015461,1.867477852
PLOT-015958,1.582297127
PLOT-016662,1.64336358
PLOT-015559,2.696506401
PLOT-017894,4.285579421
PLOT-017738,0.595727521
PLOT-018526,2.323760838
PLOT-016519,1.148927838
PLOT-017140,3.402156623
PLOT-018630,2.166260546
PLOT-017032,4.851893334
PLOT-017484,2.765352103
PLOT-017538,0.970917
PLOT-017097,1.63039099
PLOT-018435,3.217440393
PLOT-018565,1.915840633
PLOT-015069,3.756819375
PLOT-016572,2.23700936
PLOT-015808,1.547991327
PLOT-018232,2.274244077
PLOT-015011,0.663800221
PLOT-017025,3.809240218
PLOT-017192,2.199024882
PLOT-015917,2.923930749
PLOT-016451,3.47716208
PLOT-017687,3.412820711
PLOT-015176,2.711212761
PLOT-015994,2.578606746
PLOT-017488,3.226027097
PLOT-017569,3.906029925
PLOT-018740,3.937754265
PLOT-018052,3.715797291
PLOT-016255,3.177819101
PLOT-018282,3.979494131
PLOT-016664,2.191879983
PLOT-017191,3.876103911
PLOT-017801,1.130734629
PLOT-017567,2.137809897
PLOT-018370,1.531945863
PLOT-017870,1.712286363
PLOT-016790,2.964020699
PLOT-017476,5.632111697
PLOT-017660,1.166420482
PLOT-018080,2.553863204
PLOT-015156,4.015269248
PLOT-017587,3.377571791
PLOT-016460,2.427388174
PLOT-017046,1.94051556
PLOT-018338,1.408419058
PLOT-016850,1.533673389
PLOT-017509,0.437030152
PLOT-017624,3.981242275
PLOT-018410,3.27162527
PLOT-017303,2.993490494
PLOT-018027,2.061155365
PLOT-017005,5.046478588
PLOT-016185,2.200524551
PLOT-016006,1.302056229
PLOT-015560,5.29044039
PLOT-017256,2.596942132
PLOT-015910,4.615581705
PLOT-016311,5.388532612
PLOT-017049,3.718141227
PLOT-018413,2.325321819
PLOT-015269,2.377725783
PLOT-016993,4.0737757
PLOT-015265,2.549190712
PLOT-015914,2.651705484
PLOT-017278,3.35671457
PLOT-017231,1.741846198
PLOT-018167,3.009718732
PLOT-018732,3.151170889
PLOT-017912,2.603571797
PLOT-018114,3.541375706
PLOT-015873,3.407306947
PLOT-017093,1.985350635
PLOT-017446,2.259220978
PLOT-015475,2.338134009
PLOT-016652,3.350878795
PLOT-016960,5.229698619
PLOT-015045,3.194179177
PLOT-015161,4.494983471
PLOT-018039,3.160089462
PLOT-017775,2.101769756
PLOT-017677,2.108007444
PLOT-015288,1.997972351
PLOT-018107,2.619861899
PLOT-018718,1.689555365
PLOT-016948,2.079364374
PLOT-015575,4.182402241
PLOT-015850,2.278755363
PLOT-018387,4.199100751
PLOT-015911,1.9150751
PLOT-016254,5.967659712
PLOT-016833,1.642800186
PLOT-016722,2.173930056
PLOT-017133,1.380135079
PLOT-016735,3.888994896
PLOT-015932,2.955244754
PLOT-016100,4.106488268
PLOT-016207,2.043133447
PLOT-017295,1.287131007
PLOT-016843,0.605996516
PLOT-016848,2.900197695
PLOT-017524,3.45054385
PLOT-016694,3.294784123
PLOT-015085,3.012042646
PLOT-015469,4.603944253
PLOT-017273,0.692329404
PLOT-017822,4.025105002
PLOT-017379,2.871401574
PLOT-015233,3.231087725
PLOT-017636,1.100602871
PLOT-017523,2.244854222
PLOT-018332,3.799053536
PLOT-018699,2.056618495
PLOT-017647,3.681585004
PLOT-017469,2.584560797
PLOT-016711,2.373617497
PLOT-015182,0.710376174
PLOT-015988,3.450638183
PLOT-016000,2.587129542
PLOT-016641,1.751639342
PLOT-016356,3.169572622
PLOT-016462,1.550609528
PLOT-015049,2.318830286
PLOT-018637,0.78134365
PLOT-018077,1.578614121
PLOT-017577,3.51855036
PLOT-016258,1.469287872
PLOT-015486,3.859165788
PLOT-018715,1.136729191
PLOT-017545,3.262162889
PLOT-016908,3.162884611
PLOT-015106,2.40033653
PLOT-015443,5.132949366
PLOT-016954,4.041312663
PLOT-018560,2.701957495
PLOT-015646,2.834868981
PLOT-018084,4.094762208
PLOT-016762,0.806832448
PLOT-015726,3.094963284
PLOT-017238,1.534025156
PLOT-016856,2.922941541
PLOT-017330,4.767649757
PLOT-015029,1.020959797
PLOT-015169,3.64852312
PLOT-016001,2.344971111
PLOT-018252,2.834089752
PLOT-017148,2.135315871
PLOT-015197,1.739352906
PLOT-015495,3.100854062
PLOT-017026,2.408501709
PLOT-015647,2.04568764
PLOT-018035,1.107235574
PLOT-015044,5.10882317
PLOT-017758,2.968060147
PLOT-015373,2.555161782
PLOT-015678,3.353211122
PLOT-015566,5.166163387
PLOT-017895,2.104241321
PLOT-015460,3.404806224
PLOT-016932,2.809105667
PLOT-018485,1.773421958
PLOT-016155,3.247194966
PLOT-015039,2.436539065
PLOT-017482,1.539506453
PLOT-015973,3.0291202
PLOT-018287,1.217756373
PLOT-018055,3.824315532
PLOT-018627,1.161471406
PLOT-018638,2.126597704
PLOT-016786,1.064999045
PLOT-016498,2.709902743
PLOT-017504,4.520508959
PLOT-016835,3.382777048
PLOT-017308,2.154682174
PLOT-016840,1.88280552
PLOT-017083,3.63873462
PLOT-015827,4.978259752
PLOT-016935,2.63514749
PLOT-017044,5.026321319
PLOT-015309,1.828759589
PLOT-015276,2.707441565
PLOT-015636,4.102515359
PLOT-015654,2.660414613
PLOT-015622,3.134833555
PLOT-016859,3.39176332
PLOT-015844,4.034587235
PLOT-015393,3.633380829
PLOT-017155,6.444988249
PLOT-015349,2.097779144
PLOT-017572,1.263051838
PLOT-015784,1.811822742
PLOT-015047,3.237722334
PLOT-016978,4.043973978
PLOT-017251,3.72231871
PLOT-018651,3.402830352
PLOT-016655,2.98120349
PLOT-017069,3.384240064
PLOT-015402,2.703921205
PLOT-016107,2.527283115
PLOT-016154,3.879592638
PLOT-016439,3.482844735
PLOT-018749,1.905128796
PLOT-017001,3.840015399
PLOT-015989,1.85890187
PLOT-016865,2.675035557
PLOT-017789,3.346624277
PLOT-016310,1.661092627
PLOT-018195,2.074486443
PLOT-015033,1.468910984
PLOT-015787,3.445781838
PLOT-018588,5.349322844
PLOT-017971,1.978147553
PLOT-016043,3.190651215
PLOT-015481,2.164841293
PLOT-016243,3.239784624
PLOT-017627,1.447302539
PLOT-017529,0.428495153
PLOT-015931,2.093182575
PLOT-017404,2.420924573
PLOT-016685,1.088657609
PLOT-016248,1.466420815
PLOT-015759,2.413771126
PLOT-015092,3.488573611
PLOT-016175,1.984725675
PLOT-016415,2.296632633
PLOT-016341,2.559412051
PLOT-016472,2.545065107
PLOT-017851,1.145796419
PLOT-017793,2.334837022
PLOT-018594,2.276768058
PLOT-017327,2.394039453
PLOT-016607,4.127787728
PLOT-015764,1.471916904
PLOT-017652,4.530130979
PLOT-018747,3.396788424
PLOT-016373,2.966955307
PLOT-016951,2.451717513
PLOT-018446,2.380882581
PLOT-017448,1.925094352
PLOT-016728,0.571280152
PLOT-015257,2.372075921
PLOT-015944,1.705882426
PLOT-018144,1.541712314
PLOT-016219,3.068901941
PLOT-018555,5.271127772
PLOT-016161,1.319187125
PLOT-017542,4.772341209
PLOT-015772,1.532591742
PLOT-017598,4.843387876
PLOT-016486,2.308479518
PLOT-017249,3.208253419
PLOT-015312,0.983602141
PLOT-015290,2.057968999
PLOT-018261,1.995413862
PLOT-015763,1.289598653
PLOT-018184,1.369061092
PLOT-017997,4.365276384
PLOT-015183,1.64313972
PLOT-016176,1.2103776
PLOT-016349,3.647657131
PLOT-018116,1.686039176
PLOT-018516,2.297313022
PLOT-018078,5.821457901
PLOT-017298,4.178754235
PLOT-017871,1.716834409
PLOT-016099,2.644375812
PLOT-018584,3.908245422
PLOT-017988,0.802771038
PLOT-015391,0.598315006
PLOT-016919,3.295714969
PLOT-016456,1.131599893
PLOT-016092,2.476133206
PLOT-017022,1.716977211
PLOT-018239,4.083839299
PLOT-015904,2.404177724
PLOT-017778,2.855664324
PLOT-017602,3.612045127
PLOT-015366,4.420161807
PLOT-015345,3.195799045
PLOT-018656,2.193248231
PLOT-017583,2.70242385
PLOT-018470,2.62831685
PLOT-018257,2.192844513
PLOT-016372,2.6347736
PLOT-016639,4.890505984
PLOT-015919,2.921809644
PLOT-015211,2.727442431
PLOT-016603,2.727845256
PLOT-017550,3.774557761
PLOT-015537,3.313186955
PLOT-016220,2.967684859
PLOT-015175,0.805508982
